<?xml version="1.0" encoding="UTF-8" standalone="yes"?><ns2:SpreadsheetImportSpec xmlns="http://www.enterprise-architecture.org/essential/importutility/common" xmlns:ns2="http://www.enterprise-architecture.org/essential/importutility/importspec" import_schema_version="1.0"><ns2:GlobalInstances/><ns2:WorksheetImportSpec firstRow="8" lastRow="10" name="Suppliers" imported="true"><SimpleInstance matchingMode="ByName"><VariableName>supplierOrg</VariableName><ClassName>Group_Actor</ClassName><NameRef>C</NameRef><ExtIDRef>C</ExtIDRef><PrimitiveSlot><SlotName>external_to_enterprise</SlotName><SlotValueRef>G</SlotValueRef><PrimitiveSlotType>Boolean</PrimitiveSlotType></PrimitiveSlot></SimpleInstance><SimpleInstance matchingMode="ByName"><VariableName>supplierRel</VariableName><ClassName>Supplier_Relationship_Status</ClassName><NameRef>E</NameRef><ExtIDRef>E</ExtIDRef></SimpleInstance><SimpleInstance matchingMode="ByID"><VariableName>aSupplier</VariableName><ClassName>Supplier</ClassName><NameRef>C</NameRef><ExtIDRef>B</ExtIDRef><SimpleSlot><SlotName>description</SlotName><SlotValueRef>D</SlotValueRef></SimpleSlot><InstanceSlot><SlotName>supplier_actor</SlotName><InstanceSlotVar>supplierOrg</InstanceSlotVar><ConditionalRef>C</ConditionalRef></InstanceSlot><InstanceSlot><SlotName>supplier_relationship_status</SlotName><InstanceSlotVar>supplierRel</InstanceSlotVar><ConditionalRef>E</ConditionalRef></InstanceSlot><SimpleSlot><SlotName>supplier_url</SlotName><SlotValueRef>F</SlotValueRef></SimpleSlot></SimpleInstance></ns2:WorksheetImportSpec><ns2:WorksheetImportSpec firstRow="8" lastRow="10" name="Contracts" imported="true"><SimpleInstance matchingMode="ByName"><VariableName>contractSupplier</VariableName><ClassName>Supplier</ClassName><NameRef>C</NameRef><ExtIDRef>C</ExtIDRef></SimpleInstance><SimpleInstance matchingMode="ByName"><VariableName>contractOwnerOrg</VariableName><ClassName>Group_Actor</ClassName><NameRef>E</NameRef><ExtIDRef>E</ExtIDRef></SimpleInstance><DerivedInstance matchingMode="ByName"><VariableName>contractOwnerRole</VariableName><ClassName>Group_Business_Role</ClassName><DerivedName><DerivedValueString>Contract Organisation Owner</DerivedValueString></DerivedName><DerivedExtID><DerivedValueString>Contract Organisation Owner</DerivedValueString></DerivedExtID></DerivedInstance><DerivedInstance matchingMode="ByName"><VariableName>contractOwner2Role</VariableName><ClassName>ACTOR_TO_ROLE_RELATION</ClassName><DerivedName><DerivedValueRef preDelimiter="" postDelimiter="">E</DerivedValueRef><DerivedValueString> as </DerivedValueString><DerivedValueString>Contract Organisation Owner</DerivedValueString></DerivedName><DerivedExtID><DerivedValueRef preDelimiter="" postDelimiter="">E</DerivedValueRef><DerivedValueString> as </DerivedValueString><DerivedValueString>Contract Organisation Owner</DerivedValueString></DerivedExtID><InstanceSlot><SlotName>act_to_role_from_actor</SlotName><InstanceSlotVar>contractOwnerOrg</InstanceSlotVar><ConditionalRef>E</ConditionalRef></InstanceSlot><InstanceSlot><SlotName>act_to_role_to_role</SlotName><InstanceSlotVar>contractOwnerRole</InstanceSlotVar><ConditionalRef>E</ConditionalRef></InstanceSlot></DerivedInstance><SimpleInstance matchingMode="ByName"><VariableName>contractType</VariableName><ClassName>Contract_Type</ClassName><NameRef>G</NameRef><ExtIDRef>G</ExtIDRef></SimpleInstance><DerivedInstance matchingMode="ByName"><VariableName>contractLink</VariableName><ClassName>External_Reference_Link</ClassName><DerivedName><DerivedValueString>Contract Link for </DerivedValueString><DerivedValueRef preDelimiter="" postDelimiter="">D</DerivedValueRef></DerivedName><DerivedExtID><DerivedValueString>Contract Link for </DerivedValueString><DerivedValueRef preDelimiter="" postDelimiter="">D</DerivedValueRef></DerivedExtID><SimpleSlot><SlotName>external_reference_url</SlotName><SlotValueRef>L</SlotValueRef></SimpleSlot></DerivedInstance><SimpleInstance matchingMode="ByName"><VariableName>renewalType</VariableName><ClassName>Contract_Renewal_Model</ClassName><NameRef>I</NameRef><ExtIDRef>I</ExtIDRef></SimpleInstance><SimpleInstance matchingMode="ByID"><VariableName>contract</VariableName><ClassName>Contract</ClassName><NameRef>D</NameRef><ExtIDRef>B</ExtIDRef><SimpleSlot><SlotName>contract_ref</SlotName><SlotValueRef>D</SlotValueRef></SimpleSlot><InstanceSlot><SlotName>contract_supplier</SlotName><InstanceSlotVar>contractSupplier</InstanceSlotVar><ConditionalRef>C</ConditionalRef></InstanceSlot><InstanceSlot><SlotName>stakeholders</SlotName><InstanceSlotVar>contractOwner2Role</InstanceSlotVar><ConditionalRef>E</ConditionalRef></InstanceSlot><SimpleSlot><SlotName>description</SlotName><SlotValueRef>F</SlotValueRef></SimpleSlot><InstanceSlot><SlotName>contract_type</SlotName><InstanceSlotVar>contractType</InstanceSlotVar><ConditionalRef>G</ConditionalRef></InstanceSlot><SimpleSlot><SlotName>contract_signature_date_ISO8601</SlotName><SlotValueRef>H</SlotValueRef></SimpleSlot><InstanceSlot><SlotName>external_reference_links</SlotName><InstanceSlotVar>contractLink</InstanceSlotVar><ConditionalRef>L</ConditionalRef></InstanceSlot><InstanceSlot><SlotName>contract_customer</SlotName><InstanceSlotVar>contractOwnerOrg</InstanceSlotVar><ConditionalRef>E</ConditionalRef></InstanceSlot><InstanceSlot><SlotName>contract_renewal_model</SlotName><InstanceSlotVar>renewalType</InstanceSlotVar><ConditionalRef>I</ConditionalRef></InstanceSlot><SimpleSlot><SlotName>contract_end_date_ISO8601</SlotName><SlotValueRef>J</SlotValueRef></SimpleSlot><PrimitiveSlot><SlotName>contract_renewal_notice_days</SlotName><SlotValueRef>K</SlotValueRef><PrimitiveSlotType>Integer</PrimitiveSlotType></PrimitiveSlot></SimpleInstance></ns2:WorksheetImportSpec><ns2:WorksheetImportSpec firstRow="8" lastRow="11" name="Contract Components" imported="true"><SimpleInstance matchingMode="ByName"><VariableName>compContract</VariableName><ClassName>Contract</ClassName><NameRef>C</NameRef><ExtIDRef>C</ExtIDRef></SimpleInstance><SimpleInstance matchingMode="ByName"><VariableName>renewalType</VariableName><ClassName>Contract_Renewal_Model</ClassName><NameRef>H</NameRef><ExtIDRef>H</ExtIDRef></SimpleInstance><SimpleInstance matchingMode="ByName"><VariableName>contractBusProc</VariableName><ClassName>Business_Process</ClassName><NameRef>D</NameRef><ExtIDRef>D</ExtIDRef></SimpleInstance><SimpleInstance matchingMode="ByName"><VariableName>contractApp</VariableName><ClassName>Composite_Application_Provider</ClassName><NameRef>E</NameRef><ExtIDRef>E</ExtIDRef></SimpleInstance><SimpleInstance matchingMode="ByName"><VariableName>contractTechProd</VariableName><ClassName>Technology_Product</ClassName><NameRef>F</NameRef><ExtIDRef>F</ExtIDRef></SimpleInstance><SimpleInstance matchingMode="ByName"><VariableName>contractCurrency</VariableName><ClassName>Currency</ClassName><NameRef>N</NameRef><ExtIDRef>N</ExtIDRef></SimpleInstance><SimpleInstance matchingMode="ByName"><VariableName>contractUoM</VariableName><ClassName>License_Model</ClassName><NameRef>K</NameRef><ExtIDRef>K</ExtIDRef><SimpleSlot><SlotName>enumeration_value</SlotName><SlotValueRef>K</SlotValueRef></SimpleSlot></SimpleInstance><DerivedInstance matchingMode="ByID"><VariableName>contractComponent</VariableName><ClassName>CONTRACT_COMPONENT_RELATION</ClassName><DerivedName><DerivedValueRef preDelimiter="" postDelimiter="">B</DerivedValueRef><DerivedValueString> - </DerivedValueString><DerivedValueRef preDelimiter="" postDelimiter="">C</DerivedValueRef><DerivedValueString> Component</DerivedValueString></DerivedName><DerivedExtID><DerivedValueRef preDelimiter="" postDelimiter="">B</DerivedValueRef></DerivedExtID><InstanceSlot><SlotName>contract_component_from_contract</SlotName><InstanceSlotVar>compContract</InstanceSlotVar><ConditionalRef>C</ConditionalRef></InstanceSlot><InstanceSlot><SlotName>contract_component_to_element</SlotName><InstanceSlotVar>contractBusProc</InstanceSlotVar><ConditionalRef>D</ConditionalRef></InstanceSlot><InstanceSlot><SlotName>ccr_renewal_model</SlotName><InstanceSlotVar>renewalType</InstanceSlotVar><ConditionalRef>H</ConditionalRef></InstanceSlot><SimpleSlot><SlotName>ccr_end_date_ISO8601</SlotName><SlotValueRef>I</SlotValueRef></SimpleSlot><PrimitiveSlot><SlotName>ccr_renewal_notice_days</SlotName><SlotValueRef>J</SlotValueRef><PrimitiveSlotType>Integer</PrimitiveSlotType></PrimitiveSlot><InstanceSlot><SlotName>ccr_contract_unit_of_measure</SlotName><InstanceSlotVar>contractUoM</InstanceSlotVar><ConditionalRef>K</ConditionalRef></InstanceSlot><PrimitiveSlot><SlotName>ccr_contracted_units</SlotName><SlotValueRef>L</SlotValueRef><PrimitiveSlotType>Integer</PrimitiveSlotType></PrimitiveSlot><PrimitiveSlot><SlotName>ccr_total_annual_cost</SlotName><SlotValueRef>M</SlotValueRef><PrimitiveSlotType>Float</PrimitiveSlotType></PrimitiveSlot><InstanceSlot><SlotName>ccr_currency</SlotName><InstanceSlotVar>contractCurrency</InstanceSlotVar><ConditionalRef>N</ConditionalRef></InstanceSlot><InstanceSlot><SlotName>contract_component_to_element</SlotName><InstanceSlotVar>contractApp</InstanceSlotVar><ConditionalRef>E</ConditionalRef></InstanceSlot><InstanceSlot><SlotName>contract_component_to_element</SlotName><InstanceSlotVar>contractTechProd</InstanceSlotVar><ConditionalRef>F</ConditionalRef></InstanceSlot><SimpleSlot><SlotName>ccr_start_date_ISO8601</SlotName><SlotValueRef>G</SlotValueRef></SimpleSlot></DerivedInstance></ns2:WorksheetImportSpec><ns2:WorksheetImportSpec firstRow="7" lastRow="20" name="REF Supplier Relation Status" imported="false"><SimpleInstance matchingMode="ByName"><VariableName>language</VariableName><ClassName>Language</ClassName><NameRef>K</NameRef><ExtIDRef>K</ExtIDRef></SimpleInstance><SimpleInstance matchingMode="ByName"><VariableName>translation</VariableName><ClassName>Synonym</ClassName><NameRef>I</NameRef><ExtIDRef>I</ExtIDRef><InstanceSlot><SlotName>synonym_language</SlotName><InstanceSlotVar>language</InstanceSlotVar><ConditionalRef>K</ConditionalRef></InstanceSlot><SimpleSlot><SlotName>description</SlotName><SlotValueRef>J</SlotValueRef></SimpleSlot></SimpleInstance><SimpleInstance matchingMode="ByID"><VariableName>SupplierRelStatus</VariableName><ClassName>Supplier_Relationship_Status</ClassName><NameRef>C</NameRef><ExtIDRef>B</ExtIDRef><InstanceSlot><SlotName>synonyms</SlotName><InstanceSlotVar>translation</InstanceSlotVar><ConditionalRef>I</ConditionalRef></InstanceSlot><PrimitiveSlot><SlotName>enumeration_sequence_number</SlotName><SlotValueRef>E</SlotValueRef><PrimitiveSlotType>Integer</PrimitiveSlotType></PrimitiveSlot><SimpleSlot><SlotName>description</SlotName><SlotValueRef>D</SlotValueRef></SimpleSlot><SimpleSlot><SlotName>enumeration_value</SlotName><SlotValueRef>L</SlotValueRef></SimpleSlot><PrimitiveSlot><SlotName>enumeration_score</SlotName><SlotValueRef>H</SlotValueRef><PrimitiveSlotType>Integer</PrimitiveSlotType></PrimitiveSlot><PrimitiveSlot><SlotName>csrs_contract_review_notice_days</SlotName><SlotValueRef>M</SlotValueRef><PrimitiveSlotType>Integer</PrimitiveSlotType></PrimitiveSlot></SimpleInstance><DerivedInstance matchingMode="ByName"><VariableName>elementStyling</VariableName><ClassName>Element_Style</ClassName><DerivedName><DerivedValueString>View Styling for </DerivedValueString><DerivedValueRef preDelimiter="" postDelimiter="">C</DerivedValueRef></DerivedName><DerivedExtID><DerivedValueString>View Styling for </DerivedValueString><DerivedValueRef preDelimiter="" postDelimiter="">C</DerivedValueRef></DerivedExtID><InstanceSlot><SlotName>style_for_elements</SlotName><InstanceSlotVar>SupplierRelStatus</InstanceSlotVar><ConditionalRef>B</ConditionalRef><ConditionalRef>C</ConditionalRef></InstanceSlot><SimpleSlot><SlotName>element_style_colour</SlotName><SlotValueRef>F</SlotValueRef></SimpleSlot><SimpleSlot><SlotName>element_style_class</SlotName><SlotValueRef>G</SlotValueRef></SimpleSlot></DerivedInstance></ns2:WorksheetImportSpec><ns2:WorksheetImportSpec firstRow="8" lastRow="20" name="REF Contract Types" imported="false"><SimpleInstance matchingMode="ByName"><VariableName>language</VariableName><ClassName>Language</ClassName><NameRef>K</NameRef><ExtIDRef>K</ExtIDRef></SimpleInstance><SimpleInstance matchingMode="ByName"><VariableName>translation</VariableName><ClassName>Synonym</ClassName><NameRef>I</NameRef><ExtIDRef>I</ExtIDRef><InstanceSlot><SlotName>synonym_language</SlotName><InstanceSlotVar>language</InstanceSlotVar><ConditionalRef>K</ConditionalRef></InstanceSlot><SimpleSlot><SlotName>description</SlotName><SlotValueRef>J</SlotValueRef></SimpleSlot></SimpleInstance><SimpleInstance matchingMode="ByID"><VariableName>contractType</VariableName><ClassName>Contract_Type</ClassName><NameRef>C</NameRef><ExtIDRef>B</ExtIDRef><InstanceSlot><SlotName>synonyms</SlotName><InstanceSlotVar>translation</InstanceSlotVar><ConditionalRef>I</ConditionalRef></InstanceSlot><PrimitiveSlot><SlotName>enumeration_sequence_number</SlotName><SlotValueRef>E</SlotValueRef><PrimitiveSlotType>Integer</PrimitiveSlotType></PrimitiveSlot><SimpleSlot><SlotName>description</SlotName><SlotValueRef>D</SlotValueRef></SimpleSlot><SimpleSlot><SlotName>enumeration_value</SlotName><SlotValueRef>L</SlotValueRef></SimpleSlot><PrimitiveSlot><SlotName>enumeration_score</SlotName><SlotValueRef>H</SlotValueRef><PrimitiveSlotType>Integer</PrimitiveSlotType></PrimitiveSlot></SimpleInstance><DerivedInstance matchingMode="ByName"><VariableName>elementStyling</VariableName><ClassName>Element_Style</ClassName><DerivedName><DerivedValueString>View Styling for </DerivedValueString><DerivedValueRef preDelimiter="" postDelimiter="">C</DerivedValueRef></DerivedName><DerivedExtID><DerivedValueString>View Styling for </DerivedValueString><DerivedValueRef preDelimiter="" postDelimiter="">C</DerivedValueRef></DerivedExtID><InstanceSlot><SlotName>style_for_elements</SlotName><InstanceSlotVar>contractType</InstanceSlotVar><ConditionalRef>B</ConditionalRef><ConditionalRef>C</ConditionalRef></InstanceSlot><SimpleSlot><SlotName>element_style_colour</SlotName><SlotValueRef>F</SlotValueRef></SimpleSlot><SimpleSlot><SlotName>element_style_class</SlotName><SlotValueRef>G</SlotValueRef></SimpleSlot></DerivedInstance></ns2:WorksheetImportSpec><ns2:WorksheetImportSpec firstRow="8" lastRow="20" name="REF Unit Types" imported="false"><SimpleInstance matchingMode="ByName"><VariableName>language</VariableName><ClassName>Language</ClassName><NameRef>K</NameRef><ExtIDRef>K</ExtIDRef></SimpleInstance><SimpleInstance matchingMode="ByName"><VariableName>translation</VariableName><ClassName>Synonym</ClassName><NameRef>I</NameRef><ExtIDRef>I</ExtIDRef><InstanceSlot><SlotName>synonym_language</SlotName><InstanceSlotVar>language</InstanceSlotVar><ConditionalRef>K</ConditionalRef></InstanceSlot><SimpleSlot><SlotName>description</SlotName><SlotValueRef>J</SlotValueRef></SimpleSlot></SimpleInstance><SimpleInstance matchingMode="ByID"><VariableName>licenseModel</VariableName><ClassName>License_Model</ClassName><NameRef>C</NameRef><ExtIDRef>B</ExtIDRef><InstanceSlot><SlotName>synonyms</SlotName><InstanceSlotVar>translation</InstanceSlotVar><ConditionalRef>I</ConditionalRef></InstanceSlot><PrimitiveSlot><SlotName>enumeration_sequence_number</SlotName><SlotValueRef>E</SlotValueRef><PrimitiveSlotType>Integer</PrimitiveSlotType></PrimitiveSlot><SimpleSlot><SlotName>description</SlotName><SlotValueRef>D</SlotValueRef></SimpleSlot><SimpleSlot><SlotName>enumeration_value</SlotName><SlotValueRef>L</SlotValueRef></SimpleSlot><PrimitiveSlot><SlotName>enumeration_score</SlotName><SlotValueRef>H</SlotValueRef><PrimitiveSlotType>Integer</PrimitiveSlotType></PrimitiveSlot></SimpleInstance><DerivedInstance matchingMode="ByName"><VariableName>elementStyling</VariableName><ClassName>Element_Style</ClassName><DerivedName><DerivedValueString>View Styling for </DerivedValueString><DerivedValueRef preDelimiter="" postDelimiter="">C</DerivedValueRef></DerivedName><DerivedExtID><DerivedValueString>View Styling for </DerivedValueString><DerivedValueRef preDelimiter="" postDelimiter="">C</DerivedValueRef></DerivedExtID><InstanceSlot><SlotName>style_for_elements</SlotName><InstanceSlotVar>licenseModel</InstanceSlotVar><ConditionalRef>B</ConditionalRef><ConditionalRef>C</ConditionalRef></InstanceSlot><SimpleSlot><SlotName>element_style_colour</SlotName><SlotValueRef>F</SlotValueRef></SimpleSlot><SimpleSlot><SlotName>element_style_class</SlotName><SlotValueRef>G</SlotValueRef></SimpleSlot></DerivedInstance></ns2:WorksheetImportSpec><ns2:WorksheetImportSpec firstRow="8" lastRow="20" name="REF Renewal Types" imported="false"><SimpleInstance matchingMode="ByName"><VariableName>language</VariableName><ClassName>Language</ClassName><NameRef>K</NameRef><ExtIDRef>K</ExtIDRef></SimpleInstance><SimpleInstance matchingMode="ByName"><VariableName>translation</VariableName><ClassName>Synonym</ClassName><NameRef>I</NameRef><ExtIDRef>I</ExtIDRef><InstanceSlot><SlotName>synonym_language</SlotName><InstanceSlotVar>language</InstanceSlotVar><ConditionalRef>K</ConditionalRef></InstanceSlot><SimpleSlot><SlotName>description</SlotName><SlotValueRef>J</SlotValueRef></SimpleSlot></SimpleInstance><SimpleInstance matchingMode="ByID"><VariableName>renewalModels</VariableName><ClassName>Contract_Renewal_Model</ClassName><NameRef>C</NameRef><ExtIDRef>B</ExtIDRef><InstanceSlot><SlotName>synonyms</SlotName><InstanceSlotVar>translation</InstanceSlotVar><ConditionalRef>I</ConditionalRef></InstanceSlot><PrimitiveSlot><SlotName>enumeration_sequence_number</SlotName><SlotValueRef>E</SlotValueRef><PrimitiveSlotType>Integer</PrimitiveSlotType></PrimitiveSlot><SimpleSlot><SlotName>description</SlotName><SlotValueRef>D</SlotValueRef></SimpleSlot><SimpleSlot><SlotName>enumeration_value</SlotName><SlotValueRef>L</SlotValueRef></SimpleSlot><PrimitiveSlot><SlotName>enumeration_score</SlotName><SlotValueRef>H</SlotValueRef><PrimitiveSlotType>Integer</PrimitiveSlotType></PrimitiveSlot></SimpleInstance><DerivedInstance matchingMode="ByName"><VariableName>elementStyling</VariableName><ClassName>Element_Style</ClassName><DerivedName><DerivedValueString>View Styling for </DerivedValueString><DerivedValueRef preDelimiter="" postDelimiter="">C</DerivedValueRef></DerivedName><DerivedExtID><DerivedValueString>View Styling for </DerivedValueString><DerivedValueRef preDelimiter="" postDelimiter="">C</DerivedValueRef></DerivedExtID><InstanceSlot><SlotName>style_for_elements</SlotName><InstanceSlotVar>renewalModels</InstanceSlotVar><ConditionalRef>B</ConditionalRef><ConditionalRef>C</ConditionalRef></InstanceSlot><SimpleSlot><SlotName>element_style_colour</SlotName><SlotValueRef>F</SlotValueRef></SimpleSlot><SimpleSlot><SlotName>element_style_class</SlotName><SlotValueRef>G</SlotValueRef></SimpleSlot></DerivedInstance></ns2:WorksheetImportSpec><ns2:WorksheetImportSpec firstRow="8" lastRow="50" name="REF Orgs - Contract Owner" imported="false"><SimpleInstance matchingMode="ByID"><VariableName>groupActor</VariableName><ClassName>Group_Actor</ClassName><NameRef>C</NameRef><ExtIDRef>B</ExtIDRef><SimpleSlot><SlotName>description</SlotName><SlotValueRef>D</SlotValueRef></SimpleSlot><PrimitiveSlot><SlotName>external_to_enterprise</SlotName><SlotValueRef>E</SlotValueRef><PrimitiveSlotType>Boolean</PrimitiveSlotType></PrimitiveSlot></SimpleInstance></ns2:WorksheetImportSpec><ns2:WorksheetImportSpec firstRow="8" lastRow="240" name="REF Business Processes" imported="false"><SimpleInstance matchingMode="ByID"><VariableName>refBusProc</VariableName><ClassName>Business_Process</ClassName><NameRef>C</NameRef><ExtIDRef>B</ExtIDRef><SimpleSlot><SlotName>description</SlotName><SlotValueRef>D</SlotValueRef></SimpleSlot></SimpleInstance></ns2:WorksheetImportSpec><ns2:WorksheetImportSpec firstRow="8" lastRow="500" name="REF Technology Products" imported="false"><SimpleInstance matchingMode="ByName"><VariableName>refSupplier</VariableName><ClassName>Supplier</ClassName><NameRef>D</NameRef><ExtIDRef>D</ExtIDRef></SimpleInstance><SimpleInstance matchingMode="ByID"><VariableName>refTechProd</VariableName><ClassName>Technology_Product</ClassName><NameRef>C</NameRef><ExtIDRef>B</ExtIDRef><SimpleSlot><SlotName>description</SlotName><SlotValueRef>D</SlotValueRef></SimpleSlot><InstanceSlot><SlotName>supplier_technology_product</SlotName><InstanceSlotVar>refSupplier</InstanceSlotVar><ConditionalRef>D</ConditionalRef></InstanceSlot></SimpleInstance></ns2:WorksheetImportSpec><ns2:WorksheetImportSpec firstRow="8" lastRow="50" name="REF Applications" imported="false"><SimpleInstance matchingMode="ByID"><VariableName>refApp</VariableName><ClassName>Composite_Application_Provider</ClassName><NameRef>C</NameRef><ExtIDRef>B</ExtIDRef><SimpleSlot><SlotName>description</SlotName><SlotValueRef>D</SlotValueRef></SimpleSlot></SimpleInstance></ns2:WorksheetImportSpec></ns2:SpreadsheetImportSpec>