<?xml version="1.0" encoding="UTF-8" standalone="yes"?><ns2:SpreadsheetImportSpec xmlns="http://www.enterprise-architecture.org/essential/importutility/common" xmlns:ns2="http://www.enterprise-architecture.org/essential/importutility/importspec" import_schema_version="1.0"><ns2:GlobalInstances/><ns2:WorksheetImportSpec firstRow="87" lastRow="95" name="Products" imported="false"><SimpleInstance matchingMode="ByID"><VariableName>product</VariableName><ClassName>Product</ClassName><NameRef>C</NameRef><ExtIDRef>B</ExtIDRef><SimpleSlot><SlotName>description</SlotName><SlotValueRef>D</SlotValueRef></SimpleSlot></SimpleInstance></ns2:WorksheetImportSpec><ns2:WorksheetImportSpec firstRow="8" lastRow="15" name="Value Streams" imported="false"><SimpleInstance matchingMode="ByName"><VariableName>aValueStream</VariableName><ClassName>Value_Stream</ClassName><NameRef>C</NameRef><ExtIDRef>B</ExtIDRef><SimpleSlot><SlotName>description</SlotName><SlotValueRef>D</SlotValueRef></SimpleSlot></SimpleInstance></ns2:WorksheetImportSpec><ns2:WorksheetImportSpec firstRow="8" lastRow="25" name="Value Stages" imported="false"><SimpleInstance matchingMode="ByName"><VariableName>valueStageLabel</VariableName><ClassName>Commentary</ClassName><NameRef>E</NameRef><ExtIDRef>E</ExtIDRef></SimpleInstance><SimpleInstance matchingMode="ByName"><VariableName>parentValueStream</VariableName><ClassName>Value_Stream</ClassName><NameRef>C</NameRef><ExtIDRef>C</ExtIDRef></SimpleInstance><DerivedInstance matchingMode="ByID"><VariableName>aValueStage</VariableName><ClassName>Value_Stage</ClassName><DerivedName><DerivedValueRef preDelimiter="" postDelimiter="">C</DerivedValueRef><DerivedValueString>: </DerivedValueString><DerivedValueRef preDelimiter="" postDelimiter="">D</DerivedValueRef><DerivedValueString>. </DerivedValueString><DerivedValueRef preDelimiter="" postDelimiter="">E</DerivedValueRef></DerivedName><DerivedExtID><DerivedValueRef preDelimiter="" postDelimiter="">B</DerivedValueRef></DerivedExtID><PrimitiveSlot><SlotName>vsg_index</SlotName><SlotValueRef>D</SlotValueRef><PrimitiveSlotType>Integer</PrimitiveSlotType></PrimitiveSlot><SimpleSlot><SlotName>description</SlotName><SlotValueRef>F</SlotValueRef></SimpleSlot><InstanceSlot><SlotName>vsg_label</SlotName><InstanceSlotVar>valueStageLabel</InstanceSlotVar><ConditionalRef>E</ConditionalRef></InstanceSlot><InstanceSlot><SlotName>vsg_value_stream</SlotName><InstanceSlotVar>parentValueStream</InstanceSlotVar><ConditionalRef>C</ConditionalRef></InstanceSlot></DerivedInstance></ns2:WorksheetImportSpec><ns2:WorksheetImportSpec firstRow="8" lastRow="15" name="Customer Journeys" imported="false"><SimpleInstance matchingMode="ByName"><VariableName>productSold</VariableName><ClassName>Product</ClassName><NameRef>E</NameRef><ExtIDRef>E</ExtIDRef><SimpleSlot><SlotName>description</SlotName><SlotValueRef>D</SlotValueRef></SimpleSlot></SimpleInstance><SimpleInstance matchingMode="ByID"><VariableName>aCustomerJourney</VariableName><ClassName>Customer_Journey</ClassName><NameRef>C</NameRef><ExtIDRef>B</ExtIDRef><InstanceSlot><SlotName>cj_products</SlotName><InstanceSlotVar>productSold</InstanceSlotVar><ConditionalRef>E</ConditionalRef></InstanceSlot><SimpleSlot><SlotName>description</SlotName><SlotValueRef>D</SlotValueRef></SimpleSlot></SimpleInstance></ns2:WorksheetImportSpec><ns2:WorksheetImportSpec firstRow="8" lastRow="30" name="Customer Journey Phases" imported="false"><SimpleInstance matchingMode="ByName"><VariableName>custJourneyLabel</VariableName><ClassName>Commentary</ClassName><NameRef>E</NameRef><ExtIDRef>E</ExtIDRef></SimpleInstance><SimpleInstance matchingMode="ByName"><VariableName>parentCustJourney</VariableName><ClassName>Customer_Journey</ClassName><NameRef>C</NameRef><ExtIDRef>C</ExtIDRef></SimpleInstance><SimpleInstance matchingMode="ByName"><VariableName>customerExperience</VariableName><ClassName>Customer_Experience_Rating</ClassName><NameRef>G</NameRef><ExtIDRef>G</ExtIDRef></SimpleInstance><DerivedInstance matchingMode="ByID"><VariableName>aCustJourneyPhase</VariableName><ClassName>Customer_Journey_Phase</ClassName><DerivedName><DerivedValueRef preDelimiter="" postDelimiter="">C</DerivedValueRef><DerivedValueString>: </DerivedValueString><DerivedValueRef preDelimiter="" postDelimiter="">D</DerivedValueRef><DerivedValueString>. </DerivedValueString><DerivedValueRef preDelimiter="" postDelimiter="">E</DerivedValueRef></DerivedName><DerivedExtID><DerivedValueRef preDelimiter="" postDelimiter="">B</DerivedValueRef></DerivedExtID><SimpleSlot><SlotName>description</SlotName><SlotValueRef>F</SlotValueRef></SimpleSlot><PrimitiveSlot><SlotName>cjp_index</SlotName><SlotValueRef>D</SlotValueRef><PrimitiveSlotType>Integer</PrimitiveSlotType></PrimitiveSlot><InstanceSlot><SlotName>cjp_customer_journey</SlotName><InstanceSlotVar>parentCustJourney</InstanceSlotVar><ConditionalRef>C</ConditionalRef></InstanceSlot><InstanceSlot><SlotName>cjp_label</SlotName><InstanceSlotVar>custJourneyLabel</InstanceSlotVar><ConditionalRef>E</ConditionalRef></InstanceSlot></DerivedInstance><DerivedInstance matchingMode="ByName"><VariableName>aCustJourneyPhase2Experience</VariableName><ClassName>CUST_JOURNEY_PHASE_TO_EXPERIENCE_RELATION</ClassName><DerivedName><DerivedValueRef preDelimiter="" postDelimiter="">C</DerivedValueRef><DerivedValueString>: </DerivedValueString><DerivedValueRef preDelimiter="" postDelimiter="">D</DerivedValueRef><DerivedValueString>. </DerivedValueString><DerivedValueRef preDelimiter="" postDelimiter="">E</DerivedValueRef><DerivedValueString> - </DerivedValueString><DerivedValueRef preDelimiter="" postDelimiter="">G</DerivedValueRef></DerivedName><DerivedExtID><DerivedValueRef preDelimiter="" postDelimiter="">C</DerivedValueRef><DerivedValueString>: </DerivedValueString><DerivedValueRef preDelimiter="" postDelimiter="">D</DerivedValueRef><DerivedValueString>. </DerivedValueString><DerivedValueRef preDelimiter="" postDelimiter="">E</DerivedValueRef><DerivedValueString> - </DerivedValueString><DerivedValueRef preDelimiter="" postDelimiter="">G</DerivedValueRef></DerivedExtID><InstanceSlot><SlotName>cust_journey_phase_to_experience_from_cust_journey_phase</SlotName><InstanceSlotVar>aCustJourneyPhase</InstanceSlotVar><ConditionalRef>B</ConditionalRef><ConditionalRef>C</ConditionalRef><ConditionalRef>D</ConditionalRef><ConditionalRef>E</ConditionalRef></InstanceSlot><InstanceSlot><SlotName>cust_journey_phase_to_experience_to_experience</SlotName><InstanceSlotVar>customerExperience</InstanceSlotVar><ConditionalRef>G</ConditionalRef></InstanceSlot></DerivedInstance></ns2:WorksheetImportSpec><ns2:WorksheetImportSpec firstRow="8" lastRow="40" name="CJPs to Value Stages" imported="false"><SimpleInstance matchingMode="ByName"><VariableName>theValueStage</VariableName><ClassName>Value_Stage</ClassName><NameRef>C</NameRef><ExtIDRef>C</ExtIDRef></SimpleInstance><SimpleInstance matchingMode="ByName"><VariableName>theCustJourneyPhase</VariableName><ClassName>Customer_Journey_Phase</ClassName><NameRef>B</NameRef><ExtIDRef>B</ExtIDRef><InstanceSlot><SlotName>cjp_value_stages</SlotName><InstanceSlotVar>theValueStage</InstanceSlotVar><ConditionalRef>C</ConditionalRef></InstanceSlot></SimpleInstance></ns2:WorksheetImportSpec><ns2:WorksheetImportSpec firstRow="8" lastRow="40" name="CJPs to Phys Procs" imported="false"><SimpleInstance matchingMode="ByName"><VariableName>thePhysProcess</VariableName><ClassName>Physical_Process</ClassName><NameRef>C</NameRef><ExtIDRef>C</ExtIDRef></SimpleInstance><SimpleInstance matchingMode="ByName"><VariableName>theCustJourneyPhase</VariableName><ClassName>Customer_Journey_Phase</ClassName><NameRef>B</NameRef><ExtIDRef>B</ExtIDRef><InstanceSlot><SlotName>cjp_supporting_phys_processes</SlotName><InstanceSlotVar>thePhysProcess</InstanceSlotVar><ConditionalRef>C</ConditionalRef></InstanceSlot></SimpleInstance></ns2:WorksheetImportSpec><ns2:WorksheetImportSpec firstRow="8" lastRow="40" name="CJPs to Emotions" imported="false"><SimpleInstance matchingMode="ByName"><VariableName>theEmotion</VariableName><ClassName>Customer_Emotion</ClassName><NameRef>C</NameRef><ExtIDRef>C</ExtIDRef></SimpleInstance><SimpleInstance matchingMode="ByName"><VariableName>theCustJourneyPhase</VariableName><ClassName>Customer_Journey_Phase</ClassName><NameRef>B</NameRef><ExtIDRef>B</ExtIDRef></SimpleInstance><DerivedInstance matchingMode="ByName"><VariableName>custJourney2Emotion</VariableName><ClassName>CUST_JOURNEY_PHASE_TO_EMOTION_RELATION</ClassName><DerivedName><DerivedValueRef preDelimiter="" postDelimiter="">B</DerivedValueRef><DerivedValueString> - </DerivedValueString><DerivedValueRef preDelimiter="" postDelimiter="">C</DerivedValueRef></DerivedName><DerivedExtID><DerivedValueRef preDelimiter="" postDelimiter="">B</DerivedValueRef><DerivedValueString> - </DerivedValueString><DerivedValueRef preDelimiter="" postDelimiter="">C</DerivedValueRef></DerivedExtID><InstanceSlot><SlotName>cust_journey_phase_to_emotion_from_cust_journey_phase</SlotName><InstanceSlotVar>theCustJourneyPhase</InstanceSlotVar><ConditionalRef>B</ConditionalRef></InstanceSlot><InstanceSlot><SlotName>cust_journey_phase_to_emotion_to_emotion</SlotName><InstanceSlotVar>theEmotion</InstanceSlotVar><ConditionalRef>C</ConditionalRef></InstanceSlot></DerivedInstance></ns2:WorksheetImportSpec><ns2:WorksheetImportSpec firstRow="8" lastRow="120" name="CJPs to Service Quality Values" imported="false"><SimpleInstance matchingMode="ByName"><VariableName>custSvcQualityVal</VariableName><ClassName>Business_Service_Quality_Value</ClassName><NameRef>C</NameRef><ExtIDRef>C</ExtIDRef></SimpleInstance><SimpleInstance matchingMode="ByName"><VariableName>measuredCustJourneyPhase</VariableName><ClassName>Customer_Journey_Phase</ClassName><NameRef>B</NameRef><ExtIDRef>B</ExtIDRef></SimpleInstance><DerivedInstance matchingMode="ByName"><VariableName>customerServicePerformanceMeasure</VariableName><ClassName>Business_Performance_Measure</ClassName><DerivedName><DerivedValueRef preDelimiter="" postDelimiter="">B</DerivedValueRef><DerivedValueString>  Customer Service Levels</DerivedValueString></DerivedName><DerivedExtID><DerivedValueRef preDelimiter="" postDelimiter="">B</DerivedValueRef><DerivedValueString> Customer Service Levels</DerivedValueString></DerivedExtID><InstanceSlot><SlotName>pm_measured_element</SlotName><InstanceSlotVar>measuredCustJourneyPhase</InstanceSlotVar><ConditionalRef>B</ConditionalRef></InstanceSlot><InstanceSlot><SlotName>pm_performance_value</SlotName><InstanceSlotVar>custSvcQualityVal</InstanceSlotVar><ConditionalRef>C</ConditionalRef></InstanceSlot></DerivedInstance></ns2:WorksheetImportSpec><ns2:WorksheetImportSpec firstRow="8" lastRow="15" name="Customer Experience Ratings" imported="false"><SimpleInstance matchingMode="ByName"><VariableName>language</VariableName><ClassName>Language</ClassName><NameRef>K</NameRef><ExtIDRef>K</ExtIDRef></SimpleInstance><SimpleInstance matchingMode="ByName"><VariableName>translation</VariableName><ClassName>Synonym</ClassName><NameRef>I</NameRef><ExtIDRef>I</ExtIDRef><InstanceSlot><SlotName>synonym_language</SlotName><InstanceSlotVar>language</InstanceSlotVar><ConditionalRef>K</ConditionalRef></InstanceSlot><SimpleSlot><SlotName>description</SlotName><SlotValueRef>J</SlotValueRef></SimpleSlot></SimpleInstance><SimpleInstance matchingMode="ByID"><VariableName>custExperienceRating</VariableName><ClassName>Customer_Experience_Rating</ClassName><NameRef>C</NameRef><ExtIDRef>B</ExtIDRef><InstanceSlot><SlotName>synonyms</SlotName><InstanceSlotVar>translation</InstanceSlotVar><ConditionalRef>I</ConditionalRef></InstanceSlot><PrimitiveSlot><SlotName>enumeration_sequence_number</SlotName><SlotValueRef>G</SlotValueRef><PrimitiveSlotType>Integer</PrimitiveSlotType></PrimitiveSlot><SimpleSlot><SlotName>description</SlotName><SlotValueRef>D</SlotValueRef></SimpleSlot><SimpleSlot><SlotName>enumeration_value</SlotName><SlotValueRef>C</SlotValueRef></SimpleSlot><PrimitiveSlot><SlotName>enumeration_score</SlotName><SlotValueRef>H</SlotValueRef><PrimitiveSlotType>Integer</PrimitiveSlotType></PrimitiveSlot></SimpleInstance><DerivedInstance matchingMode="ByName"><VariableName>elementStyling</VariableName><ClassName>Element_Style</ClassName><DerivedName><DerivedValueString>View Styling for </DerivedValueString><DerivedValueRef preDelimiter="" postDelimiter="">C</DerivedValueRef></DerivedName><DerivedExtID><DerivedValueString>View Styling for </DerivedValueString><DerivedValueRef preDelimiter="" postDelimiter="">C</DerivedValueRef></DerivedExtID><InstanceSlot><SlotName>style_for_elements</SlotName><InstanceSlotVar>custExperienceRating</InstanceSlotVar><ConditionalRef>B</ConditionalRef><ConditionalRef>C</ConditionalRef></InstanceSlot><SimpleSlot><SlotName>element_style_colour</SlotName><SlotValueRef>E</SlotValueRef></SimpleSlot><SimpleSlot><SlotName>element_style_class</SlotName><SlotValueRef>F</SlotValueRef></SimpleSlot></DerivedInstance></ns2:WorksheetImportSpec><ns2:WorksheetImportSpec firstRow="8" lastRow="13" name="Customer Service Quals" imported="false"><SimpleInstance matchingMode="ByName"><VariableName>language</VariableName><ClassName>Language</ClassName><NameRef>G</NameRef><ExtIDRef>G</ExtIDRef></SimpleInstance><SimpleInstance matchingMode="ByName"><VariableName>translation</VariableName><ClassName>Synonym</ClassName><NameRef>E</NameRef><ExtIDRef>E</ExtIDRef><InstanceSlot><SlotName>synonym_language</SlotName><InstanceSlotVar>language</InstanceSlotVar><ConditionalRef>G</ConditionalRef></InstanceSlot><SimpleSlot><SlotName>description</SlotName><SlotValueRef>F</SlotValueRef></SimpleSlot></SimpleInstance><SimpleInstance matchingMode="ByID"><VariableName>custServiceQual</VariableName><ClassName>Business_Service_Quality</ClassName><NameRef>C</NameRef><ExtIDRef>B</ExtIDRef><InstanceSlot><SlotName>synonyms</SlotName><InstanceSlotVar>translation</InstanceSlotVar><ConditionalRef>E</ConditionalRef></InstanceSlot><SimpleSlot><SlotName>description</SlotName><SlotValueRef>D</SlotValueRef></SimpleSlot></SimpleInstance></ns2:WorksheetImportSpec><ns2:WorksheetImportSpec firstRow="8" lastRow="25" name="Cust Service Qual Values" imported="false"><SimpleInstance matchingMode="ByName"><VariableName>aCustomerSvcQual</VariableName><ClassName>Business_Service_Quality</ClassName><NameRef>C</NameRef><ExtIDRef>C</ExtIDRef></SimpleInstance><SimpleInstance matchingMode="ByName"><VariableName>sqvLanguage</VariableName><ClassName>Language</ClassName><NameRef>K</NameRef><ExtIDRef>K</ExtIDRef></SimpleInstance><SimpleInstance matchingMode="ByName"><VariableName>sqvTranslation</VariableName><ClassName>Synonym</ClassName><NameRef>I</NameRef><ExtIDRef>I</ExtIDRef><SimpleSlot><SlotName>description</SlotName><SlotValueRef>J</SlotValueRef></SimpleSlot><InstanceSlot><SlotName>synonym_language</SlotName><InstanceSlotVar>sqvLanguage</InstanceSlotVar><ConditionalRef>K</ConditionalRef></InstanceSlot></SimpleInstance><DerivedInstance matchingMode="ByID"><VariableName>aCustSQV</VariableName><ClassName>Business_Service_Quality_Value</ClassName><DerivedName><DerivedValueRef preDelimiter="" postDelimiter="">C</DerivedValueRef><DerivedValueString> - </DerivedValueString><DerivedValueRef preDelimiter="" postDelimiter="">D</DerivedValueRef></DerivedName><DerivedExtID><DerivedValueRef preDelimiter="" postDelimiter="">B</DerivedValueRef></DerivedExtID><InstanceSlot><SlotName>usage_of_service_quality</SlotName><InstanceSlotVar>aCustomerSvcQual</InstanceSlotVar><ConditionalRef>C</ConditionalRef></InstanceSlot><PrimitiveSlot><SlotName>service_quality_value_score</SlotName><SlotValueRef>H</SlotValueRef><PrimitiveSlotType>Integer</PrimitiveSlotType></PrimitiveSlot><SimpleSlot><SlotName>service_quality_value_value</SlotName><SlotValueRef>D</SlotValueRef></SimpleSlot><DerivedSimpleSlot><SlotName>service_quality_priority</SlotName><DerivedSlotValue><DerivedValueString>High</DerivedValueString></DerivedSlotValue></DerivedSimpleSlot><InstanceSlot><SlotName>synonyms</SlotName><InstanceSlotVar>sqvTranslation</InstanceSlotVar><ConditionalRef>I</ConditionalRef></InstanceSlot></DerivedInstance><DerivedInstance matchingMode="ByName"><VariableName>sqvViewStyling</VariableName><ClassName>Element_Style</ClassName><DerivedName><DerivedValueString>View Styling for </DerivedValueString><DerivedValueRef preDelimiter="" postDelimiter="">C</DerivedValueRef><DerivedValueString> - </DerivedValueString><DerivedValueRef preDelimiter="" postDelimiter="">D</DerivedValueRef></DerivedName><DerivedExtID><DerivedValueString>View Styling for </DerivedValueString><DerivedValueRef preDelimiter="" postDelimiter="">C</DerivedValueRef><DerivedValueString> - </DerivedValueString><DerivedValueRef preDelimiter="" postDelimiter="">D</DerivedValueRef></DerivedExtID><InstanceSlot><SlotName>style_for_elements</SlotName><InstanceSlotVar>aCustSQV</InstanceSlotVar><ConditionalRef>C</ConditionalRef><ConditionalRef>D</ConditionalRef></InstanceSlot><SimpleSlot><SlotName>element_style_colour</SlotName><SlotValueRef>F</SlotValueRef></SimpleSlot><SimpleSlot><SlotName>element_style_class</SlotName><SlotValueRef>G</SlotValueRef></SimpleSlot></DerivedInstance></ns2:WorksheetImportSpec><ns2:WorksheetImportSpec firstRow="8" lastRow="20" name="Customer Emotions" imported="false"><SimpleInstance matchingMode="ByName"><VariableName>language</VariableName><ClassName>Language</ClassName><NameRef>K</NameRef><ExtIDRef>K</ExtIDRef></SimpleInstance><SimpleInstance matchingMode="ByName"><VariableName>translation</VariableName><ClassName>Synonym</ClassName><NameRef>I</NameRef><ExtIDRef>I</ExtIDRef><InstanceSlot><SlotName>synonym_language</SlotName><InstanceSlotVar>language</InstanceSlotVar><ConditionalRef>K</ConditionalRef></InstanceSlot><SimpleSlot><SlotName>description</SlotName><SlotValueRef>J</SlotValueRef></SimpleSlot></SimpleInstance><SimpleInstance matchingMode="ByID"><VariableName>customerEmotion</VariableName><ClassName>Customer_Emotion</ClassName><NameRef>C</NameRef><ExtIDRef>B</ExtIDRef><InstanceSlot><SlotName>synonyms</SlotName><InstanceSlotVar>translation</InstanceSlotVar><ConditionalRef>I</ConditionalRef></InstanceSlot><PrimitiveSlot><SlotName>enumeration_sequence_number</SlotName><SlotValueRef>G</SlotValueRef><PrimitiveSlotType>Integer</PrimitiveSlotType></PrimitiveSlot><SimpleSlot><SlotName>description</SlotName><SlotValueRef>D</SlotValueRef></SimpleSlot><SimpleSlot><SlotName>enumeration_value</SlotName><SlotValueRef>C</SlotValueRef></SimpleSlot><PrimitiveSlot><SlotName>enumeration_score</SlotName><SlotValueRef>H</SlotValueRef><PrimitiveSlotType>Integer</PrimitiveSlotType></PrimitiveSlot></SimpleInstance><DerivedInstance matchingMode="ByName"><VariableName>elementStyling</VariableName><ClassName>Element_Style</ClassName><DerivedName><DerivedValueString>View Styling for </DerivedValueString><DerivedValueRef preDelimiter="" postDelimiter="">C</DerivedValueRef></DerivedName><DerivedExtID><DerivedValueString>View Styling for </DerivedValueString><DerivedValueRef preDelimiter="" postDelimiter="">C</DerivedValueRef></DerivedExtID><InstanceSlot><SlotName>style_for_elements</SlotName><InstanceSlotVar>customerEmotion</InstanceSlotVar><ConditionalRef>B</ConditionalRef><ConditionalRef>C</ConditionalRef></InstanceSlot><SimpleSlot><SlotName>element_style_colour</SlotName><SlotValueRef>E</SlotValueRef></SimpleSlot><SimpleSlot><SlotName>element_style_class</SlotName><SlotValueRef>F</SlotValueRef></SimpleSlot></DerivedInstance></ns2:WorksheetImportSpec><ns2:WorksheetImportSpec firstRow="343" lastRow="346" name="Physical Processes" imported="true"><SimpleInstance matchingMode="ByName"><VariableName>BusProc</VariableName><ClassName>Business_Process</ClassName><NameRef>B</NameRef><ExtIDRef>B</ExtIDRef></SimpleInstance><SimpleInstance matchingMode="ByName"><VariableName>Org</VariableName><ClassName>Group_Actor</ClassName><NameRef>C</NameRef><ExtIDRef>C</ExtIDRef></SimpleInstance><SimpleInstance matchingMode="ByName"><VariableName>Role</VariableName><ClassName>Group_Business_Role</ClassName><NameRef>D</NameRef><ExtIDRef>D</ExtIDRef></SimpleInstance><DerivedInstance matchingMode="ByName"><VariableName>Act2Role</VariableName><ClassName>ACTOR_TO_ROLE_RELATION</ClassName><DerivedName><DerivedValueRef preDelimiter="" postDelimiter="">C</DerivedValueRef><DerivedValueString> as </DerivedValueString><DerivedValueRef preDelimiter="" postDelimiter="">D</DerivedValueRef></DerivedName><DerivedExtID><DerivedValueRef preDelimiter="" postDelimiter="">C</DerivedValueRef><DerivedValueString> as </DerivedValueString><DerivedValueRef preDelimiter="" postDelimiter="">D</DerivedValueRef></DerivedExtID><InstanceSlot><SlotName>act_to_role_from_actor</SlotName><InstanceSlotVar>Org</InstanceSlotVar><ConditionalRef>C</ConditionalRef></InstanceSlot><InstanceSlot><SlotName>act_to_role_to_role</SlotName><InstanceSlotVar>Role</InstanceSlotVar><ConditionalRef>D</ConditionalRef></InstanceSlot></DerivedInstance><SimpleInstance matchingMode="ByID"><VariableName>PhysProc</VariableName><ClassName>Physical_Process</ClassName><NameRef>E</NameRef><ExtIDRef>A</ExtIDRef><InstanceSlot><SlotName>implements_business_process</SlotName><InstanceSlotVar>BusProc</InstanceSlotVar><ConditionalRef>B</ConditionalRef></InstanceSlot><InstanceSlot><SlotName>process_performed_by_actor_role</SlotName><InstanceSlotVar>Act2Role</InstanceSlotVar><ConditionalRef>C</ConditionalRef><ConditionalRef>D</ConditionalRef></InstanceSlot></SimpleInstance><SimpleInstance matchingMode="ByID"><VariableName>DirectPhysProc</VariableName><ClassName>Physical_Process</ClassName><NameRef>F</NameRef><ExtIDRef>A</ExtIDRef><InstanceSlot><SlotName>implements_business_process</SlotName><InstanceSlotVar>BusProc</InstanceSlotVar><ConditionalRef>B</ConditionalRef></InstanceSlot><InstanceSlot><SlotName>process_performed_by_actor_role</SlotName><InstanceSlotVar>Org</InstanceSlotVar><ConditionalRef>C</ConditionalRef></InstanceSlot></SimpleInstance></ns2:WorksheetImportSpec></ns2:SpreadsheetImportSpec>