<?xml version="1.0" encoding="UTF-8" standalone="yes"?><ns2:SpreadsheetImportSpec xmlns="http://www.enterprise-architecture.org/essential/importutility/common" xmlns:ns2="http://www.enterprise-architecture.org/essential/importutility/importspec" import_schema_version="1.0"><ns2:GlobalInstances/><ns2:WorksheetImportSpec firstRow="8" lastRow="20" name="Strategic Plans" imported="true"><DerivedInstance matchingMode="ByName"><VariableName>aStratPlan</VariableName><ClassName>Enterprise_Strategic_Plan</ClassName><DerivedName><DerivedValueRef preDelimiter="" postDelimiter="">D</DerivedValueRef></DerivedName><DerivedExtID><DerivedValueRef preDelimiter="" postDelimiter="">B</DerivedValueRef></DerivedExtID><SimpleSlot><SlotName>description</SlotName><SlotValueRef>E</SlotValueRef></SimpleSlot><SimpleSlot><SlotName>strategic_plan_valid_from_date_iso_8601</SlotName><SlotValueRef>F</SlotValueRef></SimpleSlot><SimpleSlot><SlotName>strategic_plan_valid_to_date_iso_8601</SlotName><SlotValueRef>G</SlotValueRef></SimpleSlot></DerivedInstance><DerivedInstance matchingMode="ByName"><VariableName>entRoadmap</VariableName><ClassName>Roadmap</ClassName><DerivedName><DerivedValueRef preDelimiter="" postDelimiter="">C</DerivedValueRef></DerivedName><DerivedExtID><DerivedValueRef preDelimiter="" postDelimiter="">C</DerivedValueRef></DerivedExtID><InstanceSlot><SlotName>roadmap_strategic_plans</SlotName><InstanceSlotVar>aStratPlan</InstanceSlotVar><ConditionalRef>B</ConditionalRef><ConditionalRef>D</ConditionalRef></InstanceSlot></DerivedInstance></ns2:WorksheetImportSpec><ns2:WorksheetImportSpec firstRow="8" lastRow="40" name="Strat Plan Objectives" imported="true"><SimpleInstance matchingMode="ByName"><VariableName>stratPlan</VariableName><ClassName>Enterprise_Strategic_Plan</ClassName><NameRef>B</NameRef><ExtIDRef>B</ExtIDRef></SimpleInstance><SimpleInstance matchingMode="ByName"><VariableName>busObj</VariableName><ClassName>Business_Objective</ClassName><NameRef>C</NameRef><ExtIDRef>C</ExtIDRef><InstanceSlot><SlotName>objective_supported_by_strategic_plan</SlotName><InstanceSlotVar>stratPlan</InstanceSlotVar><ConditionalRef>B</ConditionalRef></InstanceSlot></SimpleInstance></ns2:WorksheetImportSpec><ns2:WorksheetImportSpec firstRow="8" lastRow="20" name="Strat Plan Dependencies" imported="true"><SimpleInstance matchingMode="ByName"><VariableName>supportingPlan</VariableName><ClassName>Enterprise_Strategic_Plan</ClassName><NameRef>C</NameRef><ExtIDRef>C</ExtIDRef></SimpleInstance><SimpleInstance matchingMode="ByName"><VariableName>supportedPlan</VariableName><ClassName>Enterprise_Strategic_Plan</ClassName><NameRef>B</NameRef><ExtIDRef>B</ExtIDRef><InstanceSlot><SlotName>depends_on_strategic_plans</SlotName><InstanceSlotVar>supportingPlan</InstanceSlotVar><ConditionalRef>C</ConditionalRef></InstanceSlot></SimpleInstance></ns2:WorksheetImportSpec><ns2:WorksheetImportSpec firstRow="8" lastRow="40" name="App Planning Actions" imported="true"><SimpleInstance matchingMode="ByName"><VariableName>plannedApp</VariableName><ClassName>Composite_Application_Provider</ClassName><NameRef>C</NameRef><ExtIDRef>C</ExtIDRef></SimpleInstance><SimpleInstance matchingMode="ByName"><VariableName>aPlanningAction</VariableName><ClassName>Planning_Action</ClassName><NameRef>D</NameRef><ExtIDRef>D</ExtIDRef></SimpleInstance><SimpleInstance matchingMode="ByName"><VariableName>strategicPlan</VariableName><ClassName>Enterprise_Strategic_Plan</ClassName><NameRef>B</NameRef><ExtIDRef>B</ExtIDRef></SimpleInstance><DerivedInstance matchingMode="ByName"><VariableName>Plan2AppRelation</VariableName><ClassName>PLAN_TO_ELEMENT_RELATION</ClassName><DerivedName><DerivedValueRef preDelimiter="" postDelimiter="">B</DerivedValueRef><DerivedValueString> - </DerivedValueString><DerivedValueRef preDelimiter="" postDelimiter="">D</DerivedValueRef><DerivedValueRef preDelimiter="" postDelimiter="">C</DerivedValueRef></DerivedName><DerivedExtID><DerivedValueRef preDelimiter="" postDelimiter="">B</DerivedValueRef><DerivedValueString> - </DerivedValueString><DerivedValueRef preDelimiter="" postDelimiter="">D</DerivedValueRef><DerivedValueRef preDelimiter="" postDelimiter="">C</DerivedValueRef></DerivedExtID><InstanceSlot><SlotName>plan_to_element_plan</SlotName><InstanceSlotVar>strategicPlan</InstanceSlotVar><ConditionalRef>B</ConditionalRef></InstanceSlot><InstanceSlot><SlotName>plan_to_element_change_action</SlotName><InstanceSlotVar>aPlanningAction</InstanceSlotVar><ConditionalRef>D</ConditionalRef></InstanceSlot><InstanceSlot><SlotName>plan_to_element_ea_element</SlotName><InstanceSlotVar>plannedApp</InstanceSlotVar><ConditionalRef>C</ConditionalRef></InstanceSlot><SimpleSlot><SlotName>relation_description</SlotName><SlotValueRef>E</SlotValueRef></SimpleSlot></DerivedInstance><SimpleInstance matchingMode="ByName"><VariableName>Proj</VariableName><ClassName>Project</ClassName><NameRef>F</NameRef><ExtIDRef>F</ExtIDRef><InstanceSlot><SlotName>ca_planned_changes</SlotName><InstanceSlotVar>Plan2AppRelation</InstanceSlotVar></InstanceSlot></SimpleInstance></ns2:WorksheetImportSpec><ns2:WorksheetImportSpec firstRow="8" lastRow="20" name="App Svc Planning Actions" imported="true"><SimpleInstance matchingMode="ByName"><VariableName>plannedAppSvc</VariableName><ClassName>Application_Service</ClassName><NameRef>C</NameRef><ExtIDRef>C</ExtIDRef></SimpleInstance><SimpleInstance matchingMode="ByName"><VariableName>aPlanningAction</VariableName><ClassName>Planning_Action</ClassName><NameRef>D</NameRef><ExtIDRef>D</ExtIDRef></SimpleInstance><SimpleInstance matchingMode="ByName"><VariableName>strategicPlan</VariableName><ClassName>Enterprise_Strategic_Plan</ClassName><NameRef>B</NameRef><ExtIDRef>B</ExtIDRef></SimpleInstance><DerivedInstance matchingMode="ByName"><VariableName>Plan2AppSvcRelation</VariableName><ClassName>PLAN_TO_ELEMENT_RELATION</ClassName><DerivedName><DerivedValueRef preDelimiter="" postDelimiter="">B</DerivedValueRef><DerivedValueString> - </DerivedValueString><DerivedValueRef preDelimiter="" postDelimiter="">D</DerivedValueRef><DerivedValueRef preDelimiter="" postDelimiter="">C</DerivedValueRef></DerivedName><DerivedExtID><DerivedValueRef preDelimiter="" postDelimiter="">B</DerivedValueRef><DerivedValueString> - </DerivedValueString><DerivedValueRef preDelimiter="" postDelimiter="">D</DerivedValueRef><DerivedValueRef preDelimiter="" postDelimiter="">C</DerivedValueRef></DerivedExtID><InstanceSlot><SlotName>plan_to_element_plan</SlotName><InstanceSlotVar>strategicPlan</InstanceSlotVar><ConditionalRef>B</ConditionalRef></InstanceSlot><InstanceSlot><SlotName>plan_to_element_change_action</SlotName><InstanceSlotVar>aPlanningAction</InstanceSlotVar><ConditionalRef>D</ConditionalRef></InstanceSlot><InstanceSlot><SlotName>plan_to_element_ea_element</SlotName><InstanceSlotVar>plannedAppSvc</InstanceSlotVar><ConditionalRef>C</ConditionalRef></InstanceSlot><SimpleSlot><SlotName>relation_description</SlotName><SlotValueRef>E</SlotValueRef></SimpleSlot></DerivedInstance><SimpleInstance matchingMode="ByName"><VariableName>Proj</VariableName><ClassName>Project</ClassName><NameRef>F</NameRef><ExtIDRef>F</ExtIDRef><InstanceSlot><SlotName>ca_planned_changes</SlotName><InstanceSlotVar>Plan2AppSvcRelation</InstanceSlotVar></InstanceSlot></SimpleInstance></ns2:WorksheetImportSpec><ns2:WorksheetImportSpec firstRow="8" lastRow="20" name="Bus Proc Planning Actions" imported="true"><SimpleInstance matchingMode="ByName"><VariableName>plannedBusProc</VariableName><ClassName>Business_Process</ClassName><NameRef>C</NameRef><ExtIDRef>C</ExtIDRef></SimpleInstance><SimpleInstance matchingMode="ByName"><VariableName>aPlanningAction</VariableName><ClassName>Planning_Action</ClassName><NameRef>D</NameRef><ExtIDRef>D</ExtIDRef></SimpleInstance><SimpleInstance matchingMode="ByName"><VariableName>strategicPlan</VariableName><ClassName>Enterprise_Strategic_Plan</ClassName><NameRef>B</NameRef><ExtIDRef>B</ExtIDRef></SimpleInstance><DerivedInstance matchingMode="ByName"><VariableName>Plan2BusProcRelation</VariableName><ClassName>PLAN_TO_ELEMENT_RELATION</ClassName><DerivedName><DerivedValueRef preDelimiter="" postDelimiter="">B</DerivedValueRef><DerivedValueString> - </DerivedValueString><DerivedValueRef preDelimiter="" postDelimiter="">D</DerivedValueRef><DerivedValueRef preDelimiter="" postDelimiter="">C</DerivedValueRef></DerivedName><DerivedExtID><DerivedValueRef preDelimiter="" postDelimiter="">B</DerivedValueRef><DerivedValueString> - </DerivedValueString><DerivedValueRef preDelimiter="" postDelimiter="">D</DerivedValueRef><DerivedValueRef preDelimiter="" postDelimiter="">C</DerivedValueRef></DerivedExtID><InstanceSlot><SlotName>plan_to_element_plan</SlotName><InstanceSlotVar>strategicPlan</InstanceSlotVar><ConditionalRef>B</ConditionalRef></InstanceSlot><InstanceSlot><SlotName>plan_to_element_change_action</SlotName><InstanceSlotVar>aPlanningAction</InstanceSlotVar><ConditionalRef>D</ConditionalRef></InstanceSlot><InstanceSlot><SlotName>plan_to_element_ea_element</SlotName><InstanceSlotVar>plannedBusProc</InstanceSlotVar><ConditionalRef>C</ConditionalRef></InstanceSlot><SimpleSlot><SlotName>relation_description</SlotName><SlotValueRef>E</SlotValueRef></SimpleSlot></DerivedInstance><SimpleInstance matchingMode="ByName"><VariableName>Proj</VariableName><ClassName>Project</ClassName><NameRef>F</NameRef><ExtIDRef>F</ExtIDRef><InstanceSlot><SlotName>ca_planned_changes</SlotName><InstanceSlotVar>Plan2BusProcRelation</InstanceSlotVar></InstanceSlot></SimpleInstance></ns2:WorksheetImportSpec><ns2:WorksheetImportSpec firstRow="8" lastRow="20" name="Org Planning Actions" imported="true"><SimpleInstance matchingMode="ByName"><VariableName>plannedOrg</VariableName><ClassName>Group_Actor</ClassName><NameRef>C</NameRef><ExtIDRef>C</ExtIDRef></SimpleInstance><SimpleInstance matchingMode="ByName"><VariableName>aPlanningAction</VariableName><ClassName>Planning_Action</ClassName><NameRef>D</NameRef><ExtIDRef>D</ExtIDRef></SimpleInstance><SimpleInstance matchingMode="ByName"><VariableName>strategicPlan</VariableName><ClassName>Enterprise_Strategic_Plan</ClassName><NameRef>B</NameRef><ExtIDRef>B</ExtIDRef></SimpleInstance><DerivedInstance matchingMode="ByName"><VariableName>Plan2OrgRelation</VariableName><ClassName>PLAN_TO_ELEMENT_RELATION</ClassName><DerivedName><DerivedValueRef preDelimiter="" postDelimiter="">B</DerivedValueRef><DerivedValueString> - </DerivedValueString><DerivedValueRef preDelimiter="" postDelimiter="">D</DerivedValueRef><DerivedValueRef preDelimiter="" postDelimiter="">C</DerivedValueRef></DerivedName><DerivedExtID><DerivedValueRef preDelimiter="" postDelimiter="">B</DerivedValueRef><DerivedValueString> - </DerivedValueString><DerivedValueRef preDelimiter="" postDelimiter="">D</DerivedValueRef><DerivedValueRef preDelimiter="" postDelimiter="">C</DerivedValueRef></DerivedExtID><InstanceSlot><SlotName>plan_to_element_plan</SlotName><InstanceSlotVar>strategicPlan</InstanceSlotVar><ConditionalRef>B</ConditionalRef></InstanceSlot><InstanceSlot><SlotName>plan_to_element_change_action</SlotName><InstanceSlotVar>aPlanningAction</InstanceSlotVar><ConditionalRef>D</ConditionalRef></InstanceSlot><InstanceSlot><SlotName>plan_to_element_ea_element</SlotName><InstanceSlotVar>plannedOrg</InstanceSlotVar><ConditionalRef>C</ConditionalRef></InstanceSlot><SimpleSlot><SlotName>relation_description</SlotName><SlotValueRef>E</SlotValueRef></SimpleSlot></DerivedInstance><SimpleInstance matchingMode="ByName"><VariableName>Proj</VariableName><ClassName>Project</ClassName><NameRef>F</NameRef><ExtIDRef>F</ExtIDRef><InstanceSlot><SlotName>ca_planned_changes</SlotName><InstanceSlotVar>Plan2OrgRelation</InstanceSlotVar></InstanceSlot></SimpleInstance></ns2:WorksheetImportSpec><ns2:WorksheetImportSpec firstRow="8" lastRow="20" name="Tech Comp Planning Actions" imported="true"><SimpleInstance matchingMode="ByName"><VariableName>plannedTechComp</VariableName><ClassName>Technology_Component</ClassName><NameRef>C</NameRef><ExtIDRef>C</ExtIDRef></SimpleInstance><SimpleInstance matchingMode="ByName"><VariableName>aPlanningAction</VariableName><ClassName>Planning_Action</ClassName><NameRef>D</NameRef><ExtIDRef>D</ExtIDRef></SimpleInstance><SimpleInstance matchingMode="ByName"><VariableName>strategicPlan</VariableName><ClassName>Enterprise_Strategic_Plan</ClassName><NameRef>B</NameRef><ExtIDRef>B</ExtIDRef></SimpleInstance><DerivedInstance matchingMode="ByName"><VariableName>Plan2TechCompRelation</VariableName><ClassName>PLAN_TO_ELEMENT_RELATION</ClassName><DerivedName><DerivedValueRef preDelimiter="" postDelimiter="">B</DerivedValueRef><DerivedValueString> - </DerivedValueString><DerivedValueRef preDelimiter="" postDelimiter="">D</DerivedValueRef><DerivedValueRef preDelimiter="" postDelimiter="">C</DerivedValueRef></DerivedName><DerivedExtID><DerivedValueRef preDelimiter="" postDelimiter="">B</DerivedValueRef><DerivedValueString> - </DerivedValueString><DerivedValueRef preDelimiter="" postDelimiter="">D</DerivedValueRef><DerivedValueRef preDelimiter="" postDelimiter="">C</DerivedValueRef></DerivedExtID><InstanceSlot><SlotName>plan_to_element_plan</SlotName><InstanceSlotVar>strategicPlan</InstanceSlotVar><ConditionalRef>B</ConditionalRef></InstanceSlot><InstanceSlot><SlotName>plan_to_element_change_action</SlotName><InstanceSlotVar>aPlanningAction</InstanceSlotVar><ConditionalRef>D</ConditionalRef></InstanceSlot><InstanceSlot><SlotName>plan_to_element_ea_element</SlotName><InstanceSlotVar>plannedTechComp</InstanceSlotVar><ConditionalRef>C</ConditionalRef></InstanceSlot><SimpleSlot><SlotName>relation_description</SlotName><SlotValueRef>E</SlotValueRef></SimpleSlot></DerivedInstance><SimpleInstance matchingMode="ByName"><VariableName>Proj</VariableName><ClassName>Project</ClassName><NameRef>F</NameRef><ExtIDRef>F</ExtIDRef><InstanceSlot><SlotName>ca_planned_changes</SlotName><InstanceSlotVar>Plan2TechCompRelation</InstanceSlotVar></InstanceSlot></SimpleInstance></ns2:WorksheetImportSpec><ns2:WorksheetImportSpec firstRow="8" lastRow="20" name="Tech Prod Planning Actions" imported="true"><SimpleInstance matchingMode="ByName"><VariableName>plannedTechProd</VariableName><ClassName>Technology_Product</ClassName><NameRef>C</NameRef><ExtIDRef>C</ExtIDRef></SimpleInstance><SimpleInstance matchingMode="ByName"><VariableName>aPlanningAction</VariableName><ClassName>Planning_Action</ClassName><NameRef>D</NameRef><ExtIDRef>D</ExtIDRef></SimpleInstance><SimpleInstance matchingMode="ByName"><VariableName>strategicPlan</VariableName><ClassName>Enterprise_Strategic_Plan</ClassName><NameRef>B</NameRef><ExtIDRef>B</ExtIDRef></SimpleInstance><DerivedInstance matchingMode="ByName"><VariableName>Plan2TechProdRelation</VariableName><ClassName>PLAN_TO_ELEMENT_RELATION</ClassName><DerivedName><DerivedValueRef preDelimiter="" postDelimiter="">B</DerivedValueRef><DerivedValueString> - </DerivedValueString><DerivedValueRef preDelimiter="" postDelimiter="">D</DerivedValueRef><DerivedValueRef preDelimiter="" postDelimiter="">C</DerivedValueRef></DerivedName><DerivedExtID><DerivedValueRef preDelimiter="" postDelimiter="">B</DerivedValueRef><DerivedValueString> - </DerivedValueString><DerivedValueRef preDelimiter="" postDelimiter="">D</DerivedValueRef><DerivedValueRef preDelimiter="" postDelimiter="">C</DerivedValueRef></DerivedExtID><InstanceSlot><SlotName>plan_to_element_plan</SlotName><InstanceSlotVar>strategicPlan</InstanceSlotVar><ConditionalRef>B</ConditionalRef></InstanceSlot><InstanceSlot><SlotName>plan_to_element_change_action</SlotName><InstanceSlotVar>aPlanningAction</InstanceSlotVar><ConditionalRef>D</ConditionalRef></InstanceSlot><InstanceSlot><SlotName>plan_to_element_ea_element</SlotName><InstanceSlotVar>plannedTechProd</InstanceSlotVar><ConditionalRef>C</ConditionalRef></InstanceSlot><SimpleSlot><SlotName>relation_description</SlotName><SlotValueRef>E</SlotValueRef></SimpleSlot></DerivedInstance><SimpleInstance matchingMode="ByName"><VariableName>Proj</VariableName><ClassName>Project</ClassName><NameRef>F</NameRef><ExtIDRef>F</ExtIDRef><InstanceSlot><SlotName>ca_planned_changes</SlotName><InstanceSlotVar>Plan2TechProdRelation</InstanceSlotVar></InstanceSlot></SimpleInstance></ns2:WorksheetImportSpec><ns2:WorksheetImportSpec firstRow="8" lastRow="20" name="Programmes" imported="true"><SimpleInstance matchingMode="ByID"><VariableName>Prog</VariableName><ClassName>Programme</ClassName><NameRef>C</NameRef><ExtIDRef>B</ExtIDRef><SimpleSlot><SlotName>description</SlotName><SlotValueRef>D</SlotValueRef></SimpleSlot><SimpleSlot><SlotName>ca_actual_start_date_iso_8601</SlotName><SlotValueRef>E</SlotValueRef></SimpleSlot><SimpleSlot><SlotName>ca_forecast_end_date_iso_8601</SlotName><SlotValueRef>F</SlotValueRef></SimpleSlot></SimpleInstance></ns2:WorksheetImportSpec><ns2:WorksheetImportSpec firstRow="8" lastRow="20" name="Projects" imported="true"><SimpleInstance matchingMode="ByName"><VariableName>ParentProg</VariableName><ClassName>Programme</ClassName><NameRef>H</NameRef><ExtIDRef>H</ExtIDRef></SimpleInstance><SimpleInstance matchingMode="ByName"><VariableName>Lifecycle</VariableName><ClassName>Project_Lifecycle_Status</ClassName><NameRef>G</NameRef><ExtIDRef>G</ExtIDRef></SimpleInstance><SimpleInstance matchingMode="ByID"><VariableName>Proj</VariableName><ClassName>Project</ClassName><NameRef>C</NameRef><ExtIDRef>B</ExtIDRef><SimpleSlot><SlotName>description</SlotName><SlotValueRef>D</SlotValueRef></SimpleSlot><SimpleSlot><SlotName>ca_actual_start_date_iso_8601</SlotName><SlotValueRef>E</SlotValueRef></SimpleSlot><SimpleSlot><SlotName>ca_forecast_end_date_iso_8601</SlotName><SlotValueRef>F</SlotValueRef></SimpleSlot><InstanceSlot><SlotName>contained_in_programme</SlotName><InstanceSlotVar>ParentProg</InstanceSlotVar><ConditionalRef>H</ConditionalRef></InstanceSlot><InstanceSlot><SlotName>project_lifecycle_status</SlotName><InstanceSlotVar>Lifecycle</InstanceSlotVar><ConditionalRef>G</ConditionalRef></InstanceSlot></SimpleInstance></ns2:WorksheetImportSpec><ns2:WorksheetImportSpec firstRow="8" lastRow="20" name="Strat Plan to Project" imported="true"><SimpleInstance matchingMode="ByName"><VariableName>Proj</VariableName><ClassName>Project</ClassName><NameRef>C</NameRef><ExtIDRef>C</ExtIDRef></SimpleInstance><SimpleInstance matchingMode="ByName"><VariableName>stratPlan</VariableName><ClassName>Enterprise_Strategic_Plan</ClassName><NameRef>B</NameRef><ExtIDRef>B</ExtIDRef><InstanceSlot><SlotName>strategic_plan_supported_by_projects</SlotName><InstanceSlotVar>Proj</InstanceSlotVar><ConditionalRef>C</ConditionalRef></InstanceSlot></SimpleInstance></ns2:WorksheetImportSpec><ns2:WorksheetImportSpec firstRow="8" lastRow="20" name="Bus Cap Planning Actions" imported="true"><SimpleInstance matchingMode="ByName"><VariableName>plannedBusCap</VariableName><ClassName>Business_Capability</ClassName><NameRef>C</NameRef><ExtIDRef>C</ExtIDRef></SimpleInstance><SimpleInstance matchingMode="ByName"><VariableName>aPlanningAction</VariableName><ClassName>Planning_Action</ClassName><NameRef>D</NameRef><ExtIDRef>D</ExtIDRef></SimpleInstance><SimpleInstance matchingMode="ByName"><VariableName>strategicPlan</VariableName><ClassName>Enterprise_Strategic_Plan</ClassName><NameRef>B</NameRef><ExtIDRef>B</ExtIDRef></SimpleInstance><DerivedInstance matchingMode="ByName"><VariableName>Plan2BusCapRelation</VariableName><ClassName>PLAN_TO_ELEMENT_RELATION</ClassName><DerivedName><DerivedValueRef preDelimiter="" postDelimiter="">B</DerivedValueRef><DerivedValueString> - </DerivedValueString><DerivedValueRef preDelimiter="" postDelimiter="">D</DerivedValueRef><DerivedValueString> </DerivedValueString><DerivedValueRef preDelimiter="" postDelimiter="">C</DerivedValueRef></DerivedName><DerivedExtID><DerivedValueRef preDelimiter="" postDelimiter="">B</DerivedValueRef><DerivedValueString> - </DerivedValueString><DerivedValueRef preDelimiter="" postDelimiter="">D</DerivedValueRef><DerivedValueString> </DerivedValueString><DerivedValueRef preDelimiter="" postDelimiter="">C</DerivedValueRef></DerivedExtID><InstanceSlot><SlotName>plan_to_element_plan</SlotName><InstanceSlotVar>strategicPlan</InstanceSlotVar><ConditionalRef>B</ConditionalRef></InstanceSlot><InstanceSlot><SlotName>plan_to_element_change_action</SlotName><InstanceSlotVar>aPlanningAction</InstanceSlotVar><ConditionalRef>D</ConditionalRef></InstanceSlot><InstanceSlot><SlotName>plan_to_element_ea_element</SlotName><InstanceSlotVar>plannedBusCap</InstanceSlotVar><ConditionalRef>C</ConditionalRef></InstanceSlot><SimpleSlot><SlotName>relation_description</SlotName><SlotValueRef>E</SlotValueRef></SimpleSlot></DerivedInstance><SimpleInstance matchingMode="ByName"><VariableName>Proj</VariableName><ClassName>Project</ClassName><NameRef>F</NameRef><ExtIDRef>F</ExtIDRef><InstanceSlot><SlotName>ca_planned_changes</SlotName><InstanceSlotVar>Plan2BusCapRelation</InstanceSlotVar></InstanceSlot></SimpleInstance></ns2:WorksheetImportSpec><ns2:WorksheetImportSpec firstRow="8" lastRow="13" name="Roadmaps" imported="true"><SimpleInstance matchingMode="ByID"><VariableName>Rmap</VariableName><ClassName>Roadmap</ClassName><NameRef>C</NameRef><ExtIDRef>B</ExtIDRef><SimpleSlot><SlotName>description</SlotName><SlotValueRef>D</SlotValueRef></SimpleSlot></SimpleInstance></ns2:WorksheetImportSpec></ns2:SpreadsheetImportSpec>