<?xml version="1.0" encoding="UTF-8" standalone="yes"?><ns2:SpreadsheetImportSpec xmlns="http://www.enterprise-architecture.org/essential/importutility/common" xmlns:ns2="http://www.enterprise-architecture.org/essential/importutility/importspec" import_schema_version="1.0"><ns2:GlobalInstances/><ns2:WorksheetImportSpec firstRow="8" lastRow="260" name="Business Performance Measures" imported="true"><SimpleInstance matchingMode="ByName"><VariableName>measuredBusProc</VariableName><ClassName>Business_Process</ClassName><NameRef>B</NameRef><ExtIDRef>B</ExtIDRef></SimpleInstance><SimpleInstance matchingMode="ByName"><VariableName>perfMeasureCat</VariableName><ClassName>Performance_Measure_Category</ClassName><NameRef>C</NameRef><ExtIDRef>C</ExtIDRef></SimpleInstance><DerivedInstance matchingMode="ByName"><VariableName>ServQual</VariableName><ClassName>Business_Service_Quality</ClassName><DerivedName><DerivedValueRef preDelimiter=" - " postDelimiter="">D</DerivedValueRef></DerivedName><DerivedExtID><DerivedValueRef preDelimiter=" - " postDelimiter="">D</DerivedValueRef></DerivedExtID></DerivedInstance><SimpleInstance matchingMode="ByName"><VariableName>busSQV</VariableName><ClassName>Business_Service_Quality_Value</ClassName><NameRef>D</NameRef><ExtIDRef>D</ExtIDRef><InstanceSlot><SlotName>usage_of_service_quality</SlotName><InstanceSlotVar>ServQual</InstanceSlotVar><ConditionalRef>D</ConditionalRef></InstanceSlot><DerivedSimpleSlot><SlotName>service_quality_value_value</SlotName><DerivedSlotValue><DerivedValueRef preDelimiter="" postDelimiter=" - ">D</DerivedValueRef></DerivedSlotValue></DerivedSimpleSlot></SimpleInstance><DerivedInstance matchingMode="ByName"><VariableName>busPerfMeasure</VariableName><ClassName>Business_Performance_Measure</ClassName><DerivedName><DerivedValueRef preDelimiter="" postDelimiter="">C</DerivedValueRef><DerivedValueString> of </DerivedValueString><DerivedValueRef preDelimiter="" postDelimiter="">B</DerivedValueRef><DerivedValueString> - </DerivedValueString><DerivedValueRef preDelimiter="" postDelimiter="">E</DerivedValueRef></DerivedName><DerivedExtID><DerivedValueRef preDelimiter="" postDelimiter="">C</DerivedValueRef><DerivedValueString> of </DerivedValueString><DerivedValueRef preDelimiter="" postDelimiter="">B</DerivedValueRef><DerivedValueString> - </DerivedValueString><DerivedValueRef preDelimiter="" postDelimiter="">E</DerivedValueRef></DerivedExtID><SimpleSlot><SlotName>pm_measure_date_iso_8601</SlotName><SlotValueRef>E</SlotValueRef></SimpleSlot><InstanceSlot><SlotName>pm_measured_element</SlotName><InstanceSlotVar>measuredBusProc</InstanceSlotVar><ConditionalRef>B</ConditionalRef></InstanceSlot><InstanceSlot><SlotName>pm_category</SlotName><InstanceSlotVar>perfMeasureCat</InstanceSlotVar><ConditionalRef>C</ConditionalRef></InstanceSlot><InstanceSlot><SlotName>pm_performance_value</SlotName><InstanceSlotVar>busSQV</InstanceSlotVar><ConditionalRef>D</ConditionalRef></InstanceSlot></DerivedInstance></ns2:WorksheetImportSpec><ns2:WorksheetImportSpec firstRow="8" lastRow="50" name="Technology Performance Measures" imported="false"><SimpleInstance matchingMode="ByName"><VariableName>measuredBusProc</VariableName><ClassName>Business_Process</ClassName><NameRef>B</NameRef><ExtIDRef>B</ExtIDRef></SimpleInstance><SimpleInstance matchingMode="ByName"><VariableName>perfMeasureCat</VariableName><ClassName>Performance_Measure_Category</ClassName><NameRef>C</NameRef><ExtIDRef>C</ExtIDRef></SimpleInstance><DerivedInstance matchingMode="ByName"><VariableName>ServQual</VariableName><ClassName>Technology_Service_Quality</ClassName><DerivedName><DerivedValueRef preDelimiter=" - " postDelimiter="">D</DerivedValueRef></DerivedName><DerivedExtID><DerivedValueRef preDelimiter=" - " postDelimiter="">D</DerivedValueRef></DerivedExtID></DerivedInstance><SimpleInstance matchingMode="ByName"><VariableName>techSQV</VariableName><ClassName>Technology_Service_Quality_Value</ClassName><NameRef>D</NameRef><ExtIDRef>D</ExtIDRef><InstanceSlot><SlotName>usage_of_service_quality</SlotName><InstanceSlotVar>ServQual</InstanceSlotVar><ConditionalRef>D</ConditionalRef></InstanceSlot><DerivedSimpleSlot><SlotName>service_quality_value_value</SlotName><DerivedSlotValue><DerivedValueRef preDelimiter="" postDelimiter=" - ">D</DerivedValueRef></DerivedSlotValue></DerivedSimpleSlot></SimpleInstance><DerivedInstance matchingMode="ByName"><VariableName>techPerfMeasure</VariableName><ClassName>Technology_Performance_Measure</ClassName><DerivedName><DerivedValueRef preDelimiter="" postDelimiter="">C</DerivedValueRef><DerivedValueString> of </DerivedValueString><DerivedValueRef preDelimiter="" postDelimiter="">B</DerivedValueRef><DerivedValueString> - </DerivedValueString><DerivedValueRef preDelimiter="" postDelimiter="">E</DerivedValueRef></DerivedName><DerivedExtID><DerivedValueRef preDelimiter="" postDelimiter="">C</DerivedValueRef><DerivedValueString> of </DerivedValueString><DerivedValueRef preDelimiter="" postDelimiter="">B</DerivedValueRef><DerivedValueString> - </DerivedValueString><DerivedValueRef preDelimiter="" postDelimiter="">E</DerivedValueRef></DerivedExtID><SimpleSlot><SlotName>pm_measure_date_iso_8601</SlotName><SlotValueRef>E</SlotValueRef></SimpleSlot><InstanceSlot><SlotName>pm_measured_element</SlotName><InstanceSlotVar>measuredBusProc</InstanceSlotVar><ConditionalRef>B</ConditionalRef></InstanceSlot><InstanceSlot><SlotName>pm_category</SlotName><InstanceSlotVar>perfMeasureCat</InstanceSlotVar><ConditionalRef>C</ConditionalRef></InstanceSlot><InstanceSlot><SlotName>pm_performance_value</SlotName><InstanceSlotVar>techSQV</InstanceSlotVar><ConditionalRef>D</ConditionalRef></InstanceSlot></DerivedInstance></ns2:WorksheetImportSpec><ns2:WorksheetImportSpec firstRow="8" lastRow="50" name="Info Performance Measures" imported="false"><SimpleInstance matchingMode="ByName"><VariableName>measuredBusProc</VariableName><ClassName>Business_Process</ClassName><NameRef>B</NameRef><ExtIDRef>B</ExtIDRef></SimpleInstance><SimpleInstance matchingMode="ByName"><VariableName>perfMeasureCat</VariableName><ClassName>Performance_Measure_Category</ClassName><NameRef>C</NameRef><ExtIDRef>C</ExtIDRef></SimpleInstance><DerivedInstance matchingMode="ByName"><VariableName>ServQual</VariableName><ClassName>Information_Service_Quality</ClassName><DerivedName><DerivedValueRef preDelimiter=" - " postDelimiter="">D</DerivedValueRef></DerivedName><DerivedExtID><DerivedValueRef preDelimiter=" - " postDelimiter="">D</DerivedValueRef></DerivedExtID></DerivedInstance><SimpleInstance matchingMode="ByName"><VariableName>infoSQV</VariableName><ClassName>Information_Service_Quality_Value</ClassName><NameRef>D</NameRef><ExtIDRef>D</ExtIDRef><InstanceSlot><SlotName>usage_of_service_quality</SlotName><InstanceSlotVar>ServQual</InstanceSlotVar><ConditionalRef>D</ConditionalRef></InstanceSlot><DerivedSimpleSlot><SlotName>service_quality_value_value</SlotName><DerivedSlotValue><DerivedValueRef preDelimiter="" postDelimiter=" - ">D</DerivedValueRef></DerivedSlotValue></DerivedSimpleSlot></SimpleInstance><DerivedInstance matchingMode="ByName"><VariableName>infoPerfMeasure</VariableName><ClassName>Information_Performance_Measure</ClassName><DerivedName><DerivedValueRef preDelimiter="" postDelimiter="">C</DerivedValueRef><DerivedValueString> of </DerivedValueString><DerivedValueRef preDelimiter="" postDelimiter="">B</DerivedValueRef><DerivedValueString> - </DerivedValueString><DerivedValueRef preDelimiter="" postDelimiter="">E</DerivedValueRef></DerivedName><DerivedExtID><DerivedValueRef preDelimiter="" postDelimiter="">C</DerivedValueRef><DerivedValueString> of </DerivedValueString><DerivedValueRef preDelimiter="" postDelimiter="">B</DerivedValueRef><DerivedValueString> - </DerivedValueString><DerivedValueRef preDelimiter="" postDelimiter="">E</DerivedValueRef></DerivedExtID><SimpleSlot><SlotName>pm_measure_date_iso_8601</SlotName><SlotValueRef>E</SlotValueRef></SimpleSlot><InstanceSlot><SlotName>pm_measured_element</SlotName><InstanceSlotVar>measuredBusProc</InstanceSlotVar><ConditionalRef>B</ConditionalRef></InstanceSlot><InstanceSlot><SlotName>pm_category</SlotName><InstanceSlotVar>perfMeasureCat</InstanceSlotVar><ConditionalRef>C</ConditionalRef></InstanceSlot><InstanceSlot><SlotName>pm_performance_value</SlotName><InstanceSlotVar>infoSQV</InstanceSlotVar><ConditionalRef>D</ConditionalRef></InstanceSlot></DerivedInstance></ns2:WorksheetImportSpec><ns2:WorksheetImportSpec firstRow="8" lastRow="50" name="App Performance Measures" imported="false"><SimpleInstance matchingMode="ByName"><VariableName>measuredBusProc</VariableName><ClassName>Business_Process</ClassName><NameRef>B</NameRef><ExtIDRef>B</ExtIDRef></SimpleInstance><SimpleInstance matchingMode="ByName"><VariableName>perfMeasureCat</VariableName><ClassName>Performance_Measure_Category</ClassName><NameRef>C</NameRef><ExtIDRef>C</ExtIDRef></SimpleInstance><DerivedInstance matchingMode="ByName"><VariableName>ServQual</VariableName><ClassName>Application_Service_Quality</ClassName><DerivedName><DerivedValueRef preDelimiter=" - " postDelimiter="">D</DerivedValueRef></DerivedName><DerivedExtID><DerivedValueRef preDelimiter=" - " postDelimiter="">D</DerivedValueRef></DerivedExtID></DerivedInstance><SimpleInstance matchingMode="ByName"><VariableName>appSQV</VariableName><ClassName>Application_Service_Quality_Value</ClassName><NameRef>D</NameRef><ExtIDRef>D</ExtIDRef><InstanceSlot><SlotName>usage_of_service_quality</SlotName><InstanceSlotVar>ServQual</InstanceSlotVar><ConditionalRef>D</ConditionalRef></InstanceSlot><DerivedSimpleSlot><SlotName>service_quality_value_value</SlotName><DerivedSlotValue><DerivedValueRef preDelimiter="" postDelimiter=" - ">D</DerivedValueRef></DerivedSlotValue></DerivedSimpleSlot></SimpleInstance><DerivedInstance matchingMode="ByName"><VariableName>appPerfMeasure</VariableName><ClassName>Application_Performance_Measure</ClassName><DerivedName><DerivedValueRef preDelimiter="" postDelimiter="">C</DerivedValueRef><DerivedValueString> of </DerivedValueString><DerivedValueRef preDelimiter="" postDelimiter="">B</DerivedValueRef><DerivedValueString> - </DerivedValueString><DerivedValueRef preDelimiter="" postDelimiter="">E</DerivedValueRef></DerivedName><DerivedExtID><DerivedValueRef preDelimiter="" postDelimiter="">C</DerivedValueRef><DerivedValueString> of </DerivedValueString><DerivedValueRef preDelimiter="" postDelimiter="">B</DerivedValueRef><DerivedValueString> - </DerivedValueString><DerivedValueRef preDelimiter="" postDelimiter="">E</DerivedValueRef></DerivedExtID><SimpleSlot><SlotName>pm_measure_date_iso_8601</SlotName><SlotValueRef>E</SlotValueRef></SimpleSlot><InstanceSlot><SlotName>pm_measured_element</SlotName><InstanceSlotVar>measuredBusProc</InstanceSlotVar><ConditionalRef>B</ConditionalRef></InstanceSlot><InstanceSlot><SlotName>pm_category</SlotName><InstanceSlotVar>perfMeasureCat</InstanceSlotVar><ConditionalRef>C</ConditionalRef></InstanceSlot><InstanceSlot><SlotName>pm_performance_value</SlotName><InstanceSlotVar>appSQV</InstanceSlotVar><ConditionalRef>D</ConditionalRef></InstanceSlot></DerivedInstance></ns2:WorksheetImportSpec></ns2:SpreadsheetImportSpec>