<?xml version="1.0" encoding="UTF-8" standalone="yes"?><ns2:SpreadsheetImportSpec xmlns="http://www.enterprise-architecture.org/essential/importutility/common" xmlns:ns2="http://www.enterprise-architecture.org/essential/importutility/importspec" import_schema_version="1.0"><ns2:GlobalInstances/><ns2:WorksheetImportSpec firstRow="8" lastRow="50" name="Perf Measure Categories" imported="true"><SimpleInstance matchingMode="ByName"><VariableName>synonymLang</VariableName><ClassName>Language</ClassName><NameRef>J</NameRef><ExtIDRef>J</ExtIDRef></SimpleInstance><SimpleInstance matchingMode="ByName"><VariableName>pmcSynonym</VariableName><ClassName>Synonym</ClassName><NameRef>H</NameRef><ExtIDRef>H</ExtIDRef><SimpleSlot><SlotName>description</SlotName><SlotValueRef>I</SlotValueRef></SimpleSlot><InstanceSlot><SlotName>synonym_language</SlotName><InstanceSlotVar>synonymLang</InstanceSlotVar><ConditionalRef>J</ConditionalRef></InstanceSlot></SimpleInstance><SimpleInstance matchingMode="ByName"><VariableName>perfMeasureClass</VariableName><ClassName>:ESSENTIAL-CLASS</ClassName><NameRef>G</NameRef><ExtIDRef>G</ExtIDRef></SimpleInstance><SimpleInstance matchingMode="ByID"><VariableName>perfMeasureCat</VariableName><ClassName>Performance_Measure_Category</ClassName><NameRef>C</NameRef><ExtIDRef>B</ExtIDRef><SimpleSlot><SlotName>enumeration_value</SlotName><SlotValueRef>C</SlotValueRef></SimpleSlot><SimpleSlot><SlotName>description</SlotName><SlotValueRef>E</SlotValueRef></SimpleSlot><PrimitiveSlot><SlotName>enumeration_sequence_number</SlotName><SlotValueRef>F</SlotValueRef><PrimitiveSlotType>Integer</PrimitiveSlotType></PrimitiveSlot><InstanceSlot><SlotName>enumeration_value_for_classes</SlotName><InstanceSlotVar>perfMeasureClass</InstanceSlotVar><ConditionalRef>G</ConditionalRef></InstanceSlot><InstanceSlot><SlotName>synonyms</SlotName><InstanceSlotVar>pmcSynonym</InstanceSlotVar><ConditionalRef>H</ConditionalRef><ConditionalRef>J</ConditionalRef></InstanceSlot></SimpleInstance></ns2:WorksheetImportSpec><ns2:WorksheetImportSpec firstRow="8" lastRow="50" name="Business Service Quals" imported="true"><SimpleInstance matchingMode="ByName"><VariableName>synonymLang</VariableName><ClassName>Language</ClassName><NameRef>J</NameRef><ExtIDRef>J</ExtIDRef></SimpleInstance><SimpleInstance matchingMode="ByName"><VariableName>bsqSynonym</VariableName><ClassName>Synonym</ClassName><NameRef>H</NameRef><ExtIDRef>H</ExtIDRef><SimpleSlot><SlotName>description</SlotName><SlotValueRef>I</SlotValueRef></SimpleSlot><InstanceSlot><SlotName>synonym_language</SlotName><InstanceSlotVar>synonymLang</InstanceSlotVar><ConditionalRef>J</ConditionalRef></InstanceSlot></SimpleInstance><SimpleInstance matchingMode="ByID"><VariableName>busServQual</VariableName><ClassName>Business_Service_Quality</ClassName><NameRef>C</NameRef><ExtIDRef>B</ExtIDRef><SimpleSlot><SlotName>short_name</SlotName><SlotValueRef>D</SlotValueRef></SimpleSlot><SimpleSlot><SlotName>description</SlotName><SlotValueRef>E</SlotValueRef></SimpleSlot><PrimitiveSlot><SlotName>sq_index</SlotName><SlotValueRef>F</SlotValueRef><PrimitiveSlotType>Integer</PrimitiveSlotType></PrimitiveSlot><InstanceSlot><SlotName>synonyms</SlotName><InstanceSlotVar>bsqSynonym</InstanceSlotVar><ConditionalRef>H</ConditionalRef><ConditionalRef>J</ConditionalRef></InstanceSlot><PrimitiveSlot><SlotName>sq_weighting</SlotName><SlotValueRef>G</SlotValueRef><PrimitiveSlotType>Integer</PrimitiveSlotType></PrimitiveSlot></SimpleInstance></ns2:WorksheetImportSpec><ns2:WorksheetImportSpec firstRow="8" lastRow="50" name="Business Service Qual Values" imported="true"><SimpleInstance matchingMode="ByName"><VariableName>synonymLang</VariableName><ClassName>Language</ClassName><NameRef>L</NameRef><ExtIDRef>L</ExtIDRef></SimpleInstance><SimpleInstance matchingMode="ByName"><VariableName>bsqvSynonym</VariableName><ClassName>Synonym</ClassName><NameRef>J</NameRef><ExtIDRef>J</ExtIDRef><SimpleSlot><SlotName>description</SlotName><SlotValueRef>K</SlotValueRef></SimpleSlot><InstanceSlot><SlotName>synonym_language</SlotName><InstanceSlotVar>synonymLang</InstanceSlotVar><ConditionalRef>L</ConditionalRef></InstanceSlot></SimpleInstance><SimpleInstance matchingMode="ByName"><VariableName>busServQual</VariableName><ClassName>Business_Service_Quality</ClassName><NameRef>C</NameRef><ExtIDRef>C</ExtIDRef></SimpleInstance><SimpleInstance matchingMode="ByName"><VariableName>busServQualVal</VariableName><ClassName>Business_Service_Quality_Value</ClassName><NameRef>M</NameRef><ExtIDRef>B</ExtIDRef><SimpleSlot><SlotName>service_quality_value_value</SlotName><SlotValueRef>D</SlotValueRef></SimpleSlot><SimpleSlot><SlotName>description</SlotName><SlotValueRef>E</SlotValueRef></SimpleSlot><PrimitiveSlot><SlotName>sqv_index</SlotName><SlotValueRef>F</SlotValueRef><PrimitiveSlotType>Integer</PrimitiveSlotType></PrimitiveSlot><InstanceSlot><SlotName>synonyms</SlotName><InstanceSlotVar>bsqvSynonym</InstanceSlotVar><ConditionalRef>J</ConditionalRef><ConditionalRef>L</ConditionalRef></InstanceSlot><PrimitiveSlot><SlotName>service_quality_value_score</SlotName><SlotValueRef>I</SlotValueRef><PrimitiveSlotType>Integer</PrimitiveSlotType></PrimitiveSlot><InstanceSlot><SlotName>usage_of_service_quality</SlotName><InstanceSlotVar>busServQual</InstanceSlotVar><ConditionalRef>C</ConditionalRef></InstanceSlot></SimpleInstance><DerivedInstance matchingMode="ByName"><VariableName>bsqvStyle</VariableName><ClassName>Element_Style</ClassName><DerivedName><DerivedValueString>View Styling for </DerivedValueString><DerivedValueRef preDelimiter="" postDelimiter="">M</DerivedValueRef></DerivedName><DerivedExtID><DerivedValueString>View Styling for </DerivedValueString><DerivedValueRef preDelimiter="" postDelimiter="">M</DerivedValueRef></DerivedExtID><SimpleSlot><SlotName>element_style_colour</SlotName><SlotValueRef>G</SlotValueRef></SimpleSlot><SimpleSlot><SlotName>element_style_class</SlotName><SlotValueRef>H</SlotValueRef></SimpleSlot><InstanceSlot><SlotName>style_for_elements</SlotName><InstanceSlotVar>busServQualVal</InstanceSlotVar><ConditionalRef>B</ConditionalRef><ConditionalRef>M</ConditionalRef></InstanceSlot></DerivedInstance></ns2:WorksheetImportSpec><ns2:WorksheetImportSpec firstRow="8" lastRow="50" name="Perf Measure Cat 2 Class" imported="true"><SimpleInstance matchingMode="ByName"><VariableName>measuredClass</VariableName><ClassName>:ESSENTIAL-CLASS</ClassName><NameRef>C</NameRef><ExtIDRef>C</ExtIDRef></SimpleInstance><SimpleInstance matchingMode="ByName"><VariableName>perfMeasureCat</VariableName><ClassName>Performance_Measure_Category</ClassName><NameRef>B</NameRef><ExtIDRef>B</ExtIDRef><InstanceSlot><SlotName>pmc_measures_ea_classes</SlotName><InstanceSlotVar>measuredClass</InstanceSlotVar><ConditionalRef>C</ConditionalRef></InstanceSlot></SimpleInstance><ns2:WorksheetDescription>Defines the specific meta-classes that can be measured using Performance Measure Categories</ns2:WorksheetDescription></ns2:WorksheetImportSpec><ns2:WorksheetImportSpec firstRow="8" lastRow="50" name="Technology Service Quals" imported="true"><SimpleInstance matchingMode="ByName"><VariableName>synonymLang</VariableName><ClassName>Language</ClassName><NameRef>J</NameRef><ExtIDRef>J</ExtIDRef></SimpleInstance><SimpleInstance matchingMode="ByName"><VariableName>tsqSynonym</VariableName><ClassName>Synonym</ClassName><NameRef>H</NameRef><ExtIDRef>H</ExtIDRef><SimpleSlot><SlotName>description</SlotName><SlotValueRef>I</SlotValueRef></SimpleSlot><InstanceSlot><SlotName>synonym_language</SlotName><InstanceSlotVar>synonymLang</InstanceSlotVar><ConditionalRef>J</ConditionalRef></InstanceSlot></SimpleInstance><SimpleInstance matchingMode="ByID"><VariableName>techServQual</VariableName><ClassName>Technology_Service_Quality</ClassName><NameRef>C</NameRef><ExtIDRef>B</ExtIDRef><SimpleSlot><SlotName>short_name</SlotName><SlotValueRef>D</SlotValueRef></SimpleSlot><SimpleSlot><SlotName>description</SlotName><SlotValueRef>E</SlotValueRef></SimpleSlot><PrimitiveSlot><SlotName>sq_index</SlotName><SlotValueRef>F</SlotValueRef><PrimitiveSlotType>Integer</PrimitiveSlotType></PrimitiveSlot><InstanceSlot><SlotName>synonyms</SlotName><InstanceSlotVar>tsqSynonym</InstanceSlotVar><ConditionalRef>H</ConditionalRef><ConditionalRef>J</ConditionalRef></InstanceSlot><PrimitiveSlot><SlotName>sq_weighting</SlotName><SlotValueRef>G</SlotValueRef><PrimitiveSlotType>Integer</PrimitiveSlotType></PrimitiveSlot></SimpleInstance></ns2:WorksheetImportSpec><ns2:WorksheetImportSpec firstRow="8" lastRow="50" name="Technology Service Qual Values" imported="true"><SimpleInstance matchingMode="ByName"><VariableName>synonymLang</VariableName><ClassName>Language</ClassName><NameRef>L</NameRef><ExtIDRef>L</ExtIDRef></SimpleInstance><SimpleInstance matchingMode="ByName"><VariableName>tsqvSynonym</VariableName><ClassName>Synonym</ClassName><NameRef>J</NameRef><ExtIDRef>J</ExtIDRef><SimpleSlot><SlotName>description</SlotName><SlotValueRef>K</SlotValueRef></SimpleSlot><InstanceSlot><SlotName>synonym_language</SlotName><InstanceSlotVar>synonymLang</InstanceSlotVar><ConditionalRef>L</ConditionalRef></InstanceSlot></SimpleInstance><SimpleInstance matchingMode="ByName"><VariableName>techServQual</VariableName><ClassName>Technology_Service_Quality</ClassName><NameRef>C</NameRef><ExtIDRef>C</ExtIDRef></SimpleInstance><SimpleInstance matchingMode="ByName"><VariableName>techServQualVal</VariableName><ClassName>Technology_Service_Quality_Value</ClassName><NameRef>M</NameRef><ExtIDRef>B</ExtIDRef><SimpleSlot><SlotName>service_quality_value_value</SlotName><SlotValueRef>D</SlotValueRef></SimpleSlot><SimpleSlot><SlotName>description</SlotName><SlotValueRef>E</SlotValueRef></SimpleSlot><PrimitiveSlot><SlotName>sqv_index</SlotName><SlotValueRef>F</SlotValueRef><PrimitiveSlotType>Integer</PrimitiveSlotType></PrimitiveSlot><InstanceSlot><SlotName>synonyms</SlotName><InstanceSlotVar>tsqvSynonym</InstanceSlotVar><ConditionalRef>J</ConditionalRef><ConditionalRef>L</ConditionalRef></InstanceSlot><PrimitiveSlot><SlotName>service_quality_value_score</SlotName><SlotValueRef>I</SlotValueRef><PrimitiveSlotType>Integer</PrimitiveSlotType></PrimitiveSlot><InstanceSlot><SlotName>usage_of_service_quality</SlotName><InstanceSlotVar>techServQual</InstanceSlotVar><ConditionalRef>C</ConditionalRef></InstanceSlot></SimpleInstance><DerivedInstance matchingMode="ByName"><VariableName>tsqvStyle</VariableName><ClassName>Element_Style</ClassName><DerivedName><DerivedValueString>View Styling for </DerivedValueString><DerivedValueRef preDelimiter="" postDelimiter="">M</DerivedValueRef></DerivedName><DerivedExtID><DerivedValueString>View Styling for </DerivedValueString><DerivedValueRef preDelimiter="" postDelimiter="">M</DerivedValueRef></DerivedExtID><SimpleSlot><SlotName>element_style_colour</SlotName><SlotValueRef>G</SlotValueRef></SimpleSlot><SimpleSlot><SlotName>element_style_class</SlotName><SlotValueRef>H</SlotValueRef></SimpleSlot><InstanceSlot><SlotName>style_for_elements</SlotName><InstanceSlotVar>techServQualVal</InstanceSlotVar><ConditionalRef>B</ConditionalRef><ConditionalRef>M</ConditionalRef></InstanceSlot></DerivedInstance></ns2:WorksheetImportSpec><ns2:WorksheetImportSpec firstRow="8" lastRow="50" name="Perf Measure Cat 2 SQ Map" imported="true"><SimpleInstance matchingMode="ByName"><VariableName>busServQual</VariableName><ClassName>Business_Service_Quality</ClassName><NameRef>C</NameRef><ExtIDRef>C</ExtIDRef></SimpleInstance><SimpleInstance matchingMode="ByName"><VariableName>techServQual</VariableName><ClassName>Technology_Service_Quality</ClassName><NameRef>D</NameRef><ExtIDRef>D</ExtIDRef></SimpleInstance><SimpleInstance matchingMode="ByName"><VariableName>infoServQual</VariableName><ClassName>Information_Service_Quality</ClassName><NameRef>E</NameRef><ExtIDRef>E</ExtIDRef></SimpleInstance><SimpleInstance matchingMode="ByName"><VariableName>appServQual</VariableName><ClassName>Application_Service_Quality</ClassName><NameRef>F</NameRef><ExtIDRef>F</ExtIDRef></SimpleInstance><SimpleInstance matchingMode="ByName"><VariableName>perfMeasureCat</VariableName><ClassName>Performance_Measure_Category</ClassName><NameRef>B</NameRef><ExtIDRef>B</ExtIDRef><InstanceSlot><SlotName>pmc_service_qualities</SlotName><InstanceSlotVar>busServQual</InstanceSlotVar><ConditionalRef>C</ConditionalRef></InstanceSlot><InstanceSlot><SlotName>pmc_service_qualities</SlotName><InstanceSlotVar>techServQual</InstanceSlotVar><ConditionalRef>D</ConditionalRef></InstanceSlot><InstanceSlot><SlotName>pmc_service_qualities</SlotName><InstanceSlotVar>infoServQual</InstanceSlotVar><ConditionalRef>E</ConditionalRef></InstanceSlot><InstanceSlot><SlotName>pmc_service_qualities</SlotName><InstanceSlotVar>appServQual</InstanceSlotVar><ConditionalRef>F</ConditionalRef></InstanceSlot></SimpleInstance><ns2:WorksheetDescription>Defines the specific list of Business Service Qualities or Technology Service Qualities that are measured by a Performance Measure Category</ns2:WorksheetDescription></ns2:WorksheetImportSpec><ns2:WorksheetImportSpec firstRow="8" lastRow="50" name="Disposition Statuses" imported="false"><SimpleInstance matchingMode="ByName"><VariableName>synonymLang</VariableName><ClassName>Language</ClassName><NameRef>I</NameRef><ExtIDRef>I</ExtIDRef></SimpleInstance><SimpleInstance matchingMode="ByName"><VariableName>dispStatusSynonym</VariableName><ClassName>Synonym</ClassName><NameRef>G</NameRef><ExtIDRef>G</ExtIDRef><SimpleSlot><SlotName>description</SlotName><SlotValueRef>H</SlotValueRef></SimpleSlot><InstanceSlot><SlotName>synonym_language</SlotName><InstanceSlotVar>synonymLang</InstanceSlotVar><ConditionalRef>I</ConditionalRef></InstanceSlot></SimpleInstance><SimpleInstance matchingMode="ByID"><VariableName>dispStatus</VariableName><ClassName>Disposition_Lifecycle_Status</ClassName><NameRef>C</NameRef><ExtIDRef>B</ExtIDRef><SimpleSlot><SlotName>enumeration_value</SlotName><SlotValueRef>D</SlotValueRef></SimpleSlot><SimpleSlot><SlotName>description</SlotName><SlotValueRef>E</SlotValueRef></SimpleSlot><PrimitiveSlot><SlotName>enumeration_sequence_number</SlotName><SlotValueRef>F</SlotValueRef><PrimitiveSlotType>Integer</PrimitiveSlotType></PrimitiveSlot><InstanceSlot><SlotName>synonyms</SlotName><InstanceSlotVar>dispStatusSynonym</InstanceSlotVar><ConditionalRef>G</ConditionalRef><ConditionalRef>I</ConditionalRef></InstanceSlot></SimpleInstance></ns2:WorksheetImportSpec><ns2:WorksheetImportSpec firstRow="8" lastRow="50" name="Business Performance Measures" imported="true"><SimpleInstance matchingMode="ByName"><VariableName>measuredApp</VariableName><ClassName>Composite_Application_Provider</ClassName><NameRef>B</NameRef><ExtIDRef>B</ExtIDRef></SimpleInstance><SimpleInstance matchingMode="ByName"><VariableName>perfMeasureCat</VariableName><ClassName>Performance_Measure_Category</ClassName><NameRef>C</NameRef><ExtIDRef>C</ExtIDRef></SimpleInstance><SimpleInstance matchingMode="ByName"><VariableName>busSQV</VariableName><ClassName>Business_Service_Quality_Value</ClassName><NameRef>D</NameRef><ExtIDRef>D</ExtIDRef></SimpleInstance><DerivedInstance matchingMode="ByName"><VariableName>busPerfMeasure</VariableName><ClassName>Business_Performance_Measure</ClassName><DerivedName><DerivedValueRef preDelimiter="" postDelimiter="">C</DerivedValueRef><DerivedValueString> of </DerivedValueString><DerivedValueRef preDelimiter="" postDelimiter="">B</DerivedValueRef><DerivedValueString> - </DerivedValueString><DerivedValueRef preDelimiter="" postDelimiter="">E</DerivedValueRef></DerivedName><DerivedExtID><DerivedValueRef preDelimiter="" postDelimiter="">C</DerivedValueRef><DerivedValueString> of </DerivedValueString><DerivedValueRef preDelimiter="" postDelimiter="">B</DerivedValueRef><DerivedValueString> - </DerivedValueString><DerivedValueRef preDelimiter="" postDelimiter="">E</DerivedValueRef></DerivedExtID><SimpleSlot><SlotName>pm_measure_date_iso_8601</SlotName><SlotValueRef>E</SlotValueRef></SimpleSlot><InstanceSlot><SlotName>pm_measured_element</SlotName><InstanceSlotVar>measuredApp</InstanceSlotVar><ConditionalRef>B</ConditionalRef></InstanceSlot><InstanceSlot><SlotName>pm_category</SlotName><InstanceSlotVar>perfMeasureCat</InstanceSlotVar><ConditionalRef>C</ConditionalRef></InstanceSlot><InstanceSlot><SlotName>pm_performance_value</SlotName><InstanceSlotVar>busSQV</InstanceSlotVar><ConditionalRef>D</ConditionalRef></InstanceSlot></DerivedInstance></ns2:WorksheetImportSpec><ns2:WorksheetImportSpec firstRow="8" lastRow="50" name="Technology Performance Measures" imported="true"><SimpleInstance matchingMode="ByName"><VariableName>measuredApp</VariableName><ClassName>Composite_Application_Provider</ClassName><NameRef>B</NameRef><ExtIDRef>B</ExtIDRef></SimpleInstance><SimpleInstance matchingMode="ByName"><VariableName>perfMeasureCat</VariableName><ClassName>Performance_Measure_Category</ClassName><NameRef>C</NameRef><ExtIDRef>C</ExtIDRef></SimpleInstance><SimpleInstance matchingMode="ByName"><VariableName>techSQV</VariableName><ClassName>Technology_Service_Quality_Value</ClassName><NameRef>D</NameRef><ExtIDRef>D</ExtIDRef></SimpleInstance><DerivedInstance matchingMode="ByName"><VariableName>techPerfMeasure</VariableName><ClassName>Technology_Performance_Measure</ClassName><DerivedName><DerivedValueRef preDelimiter="" postDelimiter="">C</DerivedValueRef><DerivedValueString> of </DerivedValueString><DerivedValueRef preDelimiter="" postDelimiter="">B</DerivedValueRef><DerivedValueString> - </DerivedValueString><DerivedValueRef preDelimiter="" postDelimiter="">E</DerivedValueRef></DerivedName><DerivedExtID><DerivedValueRef preDelimiter="" postDelimiter="">C</DerivedValueRef><DerivedValueString> of </DerivedValueString><DerivedValueRef preDelimiter="" postDelimiter="">B</DerivedValueRef><DerivedValueString> - </DerivedValueString><DerivedValueRef preDelimiter="" postDelimiter="">E</DerivedValueRef></DerivedExtID><SimpleSlot><SlotName>pm_measure_date_iso_8601</SlotName><SlotValueRef>E</SlotValueRef></SimpleSlot><InstanceSlot><SlotName>pm_measured_element</SlotName><InstanceSlotVar>measuredApp</InstanceSlotVar><ConditionalRef>B</ConditionalRef></InstanceSlot><InstanceSlot><SlotName>pm_category</SlotName><InstanceSlotVar>perfMeasureCat</InstanceSlotVar><ConditionalRef>C</ConditionalRef></InstanceSlot><InstanceSlot><SlotName>pm_performance_value</SlotName><InstanceSlotVar>techSQV</InstanceSlotVar><ConditionalRef>D</ConditionalRef></InstanceSlot></DerivedInstance></ns2:WorksheetImportSpec><ns2:WorksheetImportSpec firstRow="8" lastRow="50" name="Information Service Quals" imported="true"><SimpleInstance matchingMode="ByName"><VariableName>synonymLang</VariableName><ClassName>Language</ClassName><NameRef>J</NameRef><ExtIDRef>J</ExtIDRef></SimpleInstance><SimpleInstance matchingMode="ByName"><VariableName>isqSynonym</VariableName><ClassName>Synonym</ClassName><NameRef>H</NameRef><ExtIDRef>H</ExtIDRef><SimpleSlot><SlotName>description</SlotName><SlotValueRef>I</SlotValueRef></SimpleSlot><InstanceSlot><SlotName>synonym_language</SlotName><InstanceSlotVar>synonymLang</InstanceSlotVar><ConditionalRef>J</ConditionalRef></InstanceSlot></SimpleInstance><SimpleInstance matchingMode="ByID"><VariableName>infoServQual</VariableName><ClassName>Information_Service_Quality</ClassName><NameRef>C</NameRef><ExtIDRef>B</ExtIDRef><SimpleSlot><SlotName>short_name</SlotName><SlotValueRef>D</SlotValueRef></SimpleSlot><SimpleSlot><SlotName>description</SlotName><SlotValueRef>E</SlotValueRef></SimpleSlot><PrimitiveSlot><SlotName>sq_index</SlotName><SlotValueRef>F</SlotValueRef><PrimitiveSlotType>Integer</PrimitiveSlotType></PrimitiveSlot><InstanceSlot><SlotName>synonyms</SlotName><InstanceSlotVar>isqSynonym</InstanceSlotVar><ConditionalRef>H</ConditionalRef><ConditionalRef>J</ConditionalRef></InstanceSlot><PrimitiveSlot><SlotName>sq_weighting</SlotName><SlotValueRef>G</SlotValueRef><PrimitiveSlotType>Integer</PrimitiveSlotType></PrimitiveSlot></SimpleInstance></ns2:WorksheetImportSpec><ns2:WorksheetImportSpec firstRow="8" lastRow="50" name="Information Service Qual Values" imported="true"><SimpleInstance matchingMode="ByName"><VariableName>synonymLang</VariableName><ClassName>Language</ClassName><NameRef>L</NameRef><ExtIDRef>L</ExtIDRef></SimpleInstance><SimpleInstance matchingMode="ByName"><VariableName>isqvSynonym</VariableName><ClassName>Synonym</ClassName><NameRef>J</NameRef><ExtIDRef>J</ExtIDRef><SimpleSlot><SlotName>description</SlotName><SlotValueRef>K</SlotValueRef></SimpleSlot><InstanceSlot><SlotName>synonym_language</SlotName><InstanceSlotVar>synonymLang</InstanceSlotVar><ConditionalRef>L</ConditionalRef></InstanceSlot></SimpleInstance><SimpleInstance matchingMode="ByName"><VariableName>infoServQual</VariableName><ClassName>Information_Service_Quality</ClassName><NameRef>C</NameRef><ExtIDRef>C</ExtIDRef></SimpleInstance><SimpleInstance matchingMode="ByName"><VariableName>infoServQualVal</VariableName><ClassName>Information_Service_Quality_Value</ClassName><NameRef>M</NameRef><ExtIDRef>B</ExtIDRef><SimpleSlot><SlotName>service_quality_value_value</SlotName><SlotValueRef>D</SlotValueRef></SimpleSlot><SimpleSlot><SlotName>description</SlotName><SlotValueRef>E</SlotValueRef></SimpleSlot><PrimitiveSlot><SlotName>sqv_index</SlotName><SlotValueRef>F</SlotValueRef><PrimitiveSlotType>Integer</PrimitiveSlotType></PrimitiveSlot><InstanceSlot><SlotName>synonyms</SlotName><InstanceSlotVar>isqvSynonym</InstanceSlotVar><ConditionalRef>J</ConditionalRef><ConditionalRef>L</ConditionalRef></InstanceSlot><PrimitiveSlot><SlotName>service_quality_value_score</SlotName><SlotValueRef>I</SlotValueRef><PrimitiveSlotType>Integer</PrimitiveSlotType></PrimitiveSlot><InstanceSlot><SlotName>usage_of_service_quality</SlotName><InstanceSlotVar>infoServQual</InstanceSlotVar><ConditionalRef>C</ConditionalRef></InstanceSlot></SimpleInstance><DerivedInstance matchingMode="ByName"><VariableName>isqvStyle</VariableName><ClassName>Element_Style</ClassName><DerivedName><DerivedValueString>View Styling for </DerivedValueString><DerivedValueRef preDelimiter="" postDelimiter="">M</DerivedValueRef></DerivedName><DerivedExtID><DerivedValueString>View Styling for </DerivedValueString><DerivedValueRef preDelimiter="" postDelimiter="">M</DerivedValueRef></DerivedExtID><SimpleSlot><SlotName>element_style_colour</SlotName><SlotValueRef>G</SlotValueRef></SimpleSlot><SimpleSlot><SlotName>element_style_class</SlotName><SlotValueRef>H</SlotValueRef></SimpleSlot><InstanceSlot><SlotName>style_for_elements</SlotName><InstanceSlotVar>infoServQualVal</InstanceSlotVar><ConditionalRef>B</ConditionalRef><ConditionalRef>M</ConditionalRef></InstanceSlot></DerivedInstance></ns2:WorksheetImportSpec><ns2:WorksheetImportSpec firstRow="8" lastRow="50" name="Application Service Quals" imported="true"><SimpleInstance matchingMode="ByName"><VariableName>synonymLang</VariableName><ClassName>Language</ClassName><NameRef>J</NameRef><ExtIDRef>J</ExtIDRef></SimpleInstance><SimpleInstance matchingMode="ByName"><VariableName>asqSynonym</VariableName><ClassName>Synonym</ClassName><NameRef>H</NameRef><ExtIDRef>H</ExtIDRef><SimpleSlot><SlotName>description</SlotName><SlotValueRef>I</SlotValueRef></SimpleSlot><InstanceSlot><SlotName>synonym_language</SlotName><InstanceSlotVar>synonymLang</InstanceSlotVar><ConditionalRef>J</ConditionalRef></InstanceSlot></SimpleInstance><SimpleInstance matchingMode="ByID"><VariableName>appServQual</VariableName><ClassName>Application_Service_Quality</ClassName><NameRef>C</NameRef><ExtIDRef>B</ExtIDRef><SimpleSlot><SlotName>short_name</SlotName><SlotValueRef>D</SlotValueRef></SimpleSlot><SimpleSlot><SlotName>description</SlotName><SlotValueRef>E</SlotValueRef></SimpleSlot><PrimitiveSlot><SlotName>sq_index</SlotName><SlotValueRef>F</SlotValueRef><PrimitiveSlotType>Integer</PrimitiveSlotType></PrimitiveSlot><InstanceSlot><SlotName>synonyms</SlotName><InstanceSlotVar>asqSynonym</InstanceSlotVar><ConditionalRef>H</ConditionalRef><ConditionalRef>J</ConditionalRef></InstanceSlot><PrimitiveSlot><SlotName>sq_weighting</SlotName><SlotValueRef>G</SlotValueRef><PrimitiveSlotType>Integer</PrimitiveSlotType></PrimitiveSlot></SimpleInstance></ns2:WorksheetImportSpec><ns2:WorksheetImportSpec firstRow="8" lastRow="50" name="Application Service Qual Values" imported="true"><SimpleInstance matchingMode="ByName"><VariableName>synonymLang</VariableName><ClassName>Language</ClassName><NameRef>L</NameRef><ExtIDRef>L</ExtIDRef></SimpleInstance><SimpleInstance matchingMode="ByName"><VariableName>asqvSynonym</VariableName><ClassName>Synonym</ClassName><NameRef>J</NameRef><ExtIDRef>J</ExtIDRef><SimpleSlot><SlotName>description</SlotName><SlotValueRef>K</SlotValueRef></SimpleSlot><InstanceSlot><SlotName>synonym_language</SlotName><InstanceSlotVar>synonymLang</InstanceSlotVar><ConditionalRef>L</ConditionalRef></InstanceSlot></SimpleInstance><SimpleInstance matchingMode="ByName"><VariableName>appServQual</VariableName><ClassName>Application_Service_Quality</ClassName><NameRef>C</NameRef><ExtIDRef>C</ExtIDRef></SimpleInstance><SimpleInstance matchingMode="ByName"><VariableName>appServQualVal</VariableName><ClassName>Application_Service_Quality_Value</ClassName><NameRef>M</NameRef><ExtIDRef>B</ExtIDRef><SimpleSlot><SlotName>service_quality_value_value</SlotName><SlotValueRef>D</SlotValueRef></SimpleSlot><SimpleSlot><SlotName>description</SlotName><SlotValueRef>E</SlotValueRef></SimpleSlot><PrimitiveSlot><SlotName>sqv_index</SlotName><SlotValueRef>F</SlotValueRef><PrimitiveSlotType>Integer</PrimitiveSlotType></PrimitiveSlot><InstanceSlot><SlotName>synonyms</SlotName><InstanceSlotVar>asqvSynonym</InstanceSlotVar><ConditionalRef>J</ConditionalRef><ConditionalRef>L</ConditionalRef></InstanceSlot><PrimitiveSlot><SlotName>service_quality_value_score</SlotName><SlotValueRef>I</SlotValueRef><PrimitiveSlotType>Integer</PrimitiveSlotType></PrimitiveSlot><InstanceSlot><SlotName>usage_of_service_quality</SlotName><InstanceSlotVar>appServQual</InstanceSlotVar><ConditionalRef>C</ConditionalRef></InstanceSlot></SimpleInstance><DerivedInstance matchingMode="ByName"><VariableName>asqvStyle</VariableName><ClassName>Element_Style</ClassName><DerivedName><DerivedValueString>View Styling for </DerivedValueString><DerivedValueRef preDelimiter="" postDelimiter="">M</DerivedValueRef></DerivedName><DerivedExtID><DerivedValueString>View Styling for </DerivedValueString><DerivedValueRef preDelimiter="" postDelimiter="">M</DerivedValueRef></DerivedExtID><SimpleSlot><SlotName>element_style_colour</SlotName><SlotValueRef>G</SlotValueRef></SimpleSlot><SimpleSlot><SlotName>element_style_class</SlotName><SlotValueRef>H</SlotValueRef></SimpleSlot><InstanceSlot><SlotName>style_for_elements</SlotName><InstanceSlotVar>appServQualVal</InstanceSlotVar><ConditionalRef>B</ConditionalRef><ConditionalRef>M</ConditionalRef></InstanceSlot></DerivedInstance></ns2:WorksheetImportSpec><ns2:WorksheetImportSpec firstRow="8" lastRow="50" name="Info Performance Measures" imported="true"><SimpleInstance matchingMode="ByName"><VariableName>measuredApp</VariableName><ClassName>Composite_Application_Provider</ClassName><NameRef>B</NameRef><ExtIDRef>B</ExtIDRef></SimpleInstance><SimpleInstance matchingMode="ByName"><VariableName>perfMeasureCat</VariableName><ClassName>Performance_Measure_Category</ClassName><NameRef>C</NameRef><ExtIDRef>C</ExtIDRef></SimpleInstance><SimpleInstance matchingMode="ByName"><VariableName>infoSQV</VariableName><ClassName>Information_Service_Quality_Value</ClassName><NameRef>D</NameRef><ExtIDRef>D</ExtIDRef></SimpleInstance><DerivedInstance matchingMode="ByName"><VariableName>infoPerfMeasure</VariableName><ClassName>Information_Performance_Measure</ClassName><DerivedName><DerivedValueRef preDelimiter="" postDelimiter="">C</DerivedValueRef><DerivedValueString> of </DerivedValueString><DerivedValueRef preDelimiter="" postDelimiter="">B</DerivedValueRef><DerivedValueString> - </DerivedValueString><DerivedValueRef preDelimiter="" postDelimiter="">E</DerivedValueRef></DerivedName><DerivedExtID><DerivedValueRef preDelimiter="" postDelimiter="">C</DerivedValueRef><DerivedValueString> of </DerivedValueString><DerivedValueRef preDelimiter="" postDelimiter="">B</DerivedValueRef><DerivedValueString> - </DerivedValueString><DerivedValueRef preDelimiter="" postDelimiter="">E</DerivedValueRef></DerivedExtID><SimpleSlot><SlotName>pm_measure_date_iso_8601</SlotName><SlotValueRef>E</SlotValueRef></SimpleSlot><InstanceSlot><SlotName>pm_measured_element</SlotName><InstanceSlotVar>measuredApp</InstanceSlotVar><ConditionalRef>B</ConditionalRef></InstanceSlot><InstanceSlot><SlotName>pm_category</SlotName><InstanceSlotVar>perfMeasureCat</InstanceSlotVar><ConditionalRef>C</ConditionalRef></InstanceSlot><InstanceSlot><SlotName>pm_performance_value</SlotName><InstanceSlotVar>infoSQV</InstanceSlotVar><ConditionalRef>D</ConditionalRef></InstanceSlot></DerivedInstance></ns2:WorksheetImportSpec><ns2:WorksheetImportSpec firstRow="8" lastRow="50" name="App Performance Measures" imported="true"><SimpleInstance matchingMode="ByName"><VariableName>measuredApp</VariableName><ClassName>Composite_Application_Provider</ClassName><NameRef>B</NameRef><ExtIDRef>B</ExtIDRef></SimpleInstance><SimpleInstance matchingMode="ByName"><VariableName>perfMeasureCat</VariableName><ClassName>Performance_Measure_Category</ClassName><NameRef>C</NameRef><ExtIDRef>C</ExtIDRef></SimpleInstance><SimpleInstance matchingMode="ByName"><VariableName>appSQV</VariableName><ClassName>Application_Service_Quality_Value</ClassName><NameRef>D</NameRef><ExtIDRef>D</ExtIDRef></SimpleInstance><DerivedInstance matchingMode="ByName"><VariableName>appPerfMeasure</VariableName><ClassName>Application_Performance_Measure</ClassName><DerivedName><DerivedValueRef preDelimiter="" postDelimiter="">C</DerivedValueRef><DerivedValueString> of </DerivedValueString><DerivedValueRef preDelimiter="" postDelimiter="">B</DerivedValueRef><DerivedValueString> - </DerivedValueString><DerivedValueRef preDelimiter="" postDelimiter="">E</DerivedValueRef></DerivedName><DerivedExtID><DerivedValueRef preDelimiter="" postDelimiter="">C</DerivedValueRef><DerivedValueString> of </DerivedValueString><DerivedValueRef preDelimiter="" postDelimiter="">B</DerivedValueRef><DerivedValueString> - </DerivedValueString><DerivedValueRef preDelimiter="" postDelimiter="">E</DerivedValueRef></DerivedExtID><SimpleSlot><SlotName>pm_measure_date_iso_8601</SlotName><SlotValueRef>E</SlotValueRef></SimpleSlot><InstanceSlot><SlotName>pm_measured_element</SlotName><InstanceSlotVar>measuredApp</InstanceSlotVar><ConditionalRef>B</ConditionalRef></InstanceSlot><InstanceSlot><SlotName>pm_category</SlotName><InstanceSlotVar>perfMeasureCat</InstanceSlotVar><ConditionalRef>C</ConditionalRef></InstanceSlot><InstanceSlot><SlotName>pm_performance_value</SlotName><InstanceSlotVar>appSQV</InstanceSlotVar><ConditionalRef>D</ConditionalRef></InstanceSlot></DerivedInstance></ns2:WorksheetImportSpec><ns2:WorksheetImportSpec firstRow="8" lastRow="50" name="REF Applications" imported="true"><SimpleInstance matchingMode="ByID"><VariableName>aCompApp</VariableName><ClassName>Composite_Application_Provider</ClassName><NameRef>C</NameRef><ExtIDRef>B</ExtIDRef><SimpleSlot><SlotName>description</SlotName><SlotValueRef>D</SlotValueRef></SimpleSlot></SimpleInstance></ns2:WorksheetImportSpec></ns2:SpreadsheetImportSpec>