<?xml version="1.0" encoding="UTF-8" standalone="yes"?><ns2:SpreadsheetImportSpec xmlns="http://www.enterprise-architecture.org/essential/importutility/common" xmlns:ns2="http://www.enterprise-architecture.org/essential/importutility/importspec" import_schema_version="1.0"><ns2:GlobalInstances/><ns2:WorksheetImportSpec firstRow="8" lastRow="30" name="Tech Prod Vendor Lifecycle" imported="true"><SimpleInstance matchingMode="ByName"><VariableName>Supplier</VariableName><ClassName>Supplier</ClassName><NameRef>B</NameRef><ExtIDRef>B</ExtIDRef></SimpleInstance><SimpleInstance matchingMode="ByName"><VariableName>Product</VariableName><ClassName>Technology_Product</ClassName><NameRef>C</NameRef><ExtIDRef>C</ExtIDRef><DerivedSimpleSlot><SlotName>product_label</SlotName><DerivedSlotValue><DerivedValueRef preDelimiter="" postDelimiter="">B</DerivedValueRef><DerivedValueString>::</DerivedValueString><DerivedValueRef preDelimiter="" postDelimiter="">C</DerivedValueRef></DerivedSlotValue></DerivedSimpleSlot><InstanceSlot><SlotName>supplier_technology_product</SlotName><InstanceSlotVar>Supplier</InstanceSlotVar><ConditionalRef>B</ConditionalRef></InstanceSlot></SimpleInstance><DerivedInstance matchingMode="ByName"><VariableName>BetaStatus</VariableName><ClassName>Vendor_Lifecycle_Status</ClassName><DerivedName><DerivedValueString>Beta</DerivedValueString></DerivedName><DerivedExtID><DerivedValueString>Beta</DerivedValueString></DerivedExtID></DerivedInstance><DerivedInstance matchingMode="ByName"><VariableName>GAStatus</VariableName><ClassName>Vendor_Lifecycle_Status</ClassName><DerivedName><DerivedValueString>General Availability</DerivedValueString></DerivedName><DerivedExtID><DerivedValueString>General Availability</DerivedValueString></DerivedExtID></DerivedInstance><DerivedInstance matchingMode="ByName"><VariableName>ExtSupStatus</VariableName><ClassName>Vendor_Lifecycle_Status</ClassName><DerivedName><DerivedValueString>Extended Support</DerivedValueString></DerivedName><DerivedExtID><DerivedValueString>Extended Support</DerivedValueString></DerivedExtID></DerivedInstance><DerivedInstance matchingMode="ByName"><VariableName>EOLStatus</VariableName><ClassName>Vendor_Lifecycle_Status</ClassName><DerivedName><DerivedValueString>End of Life</DerivedValueString></DerivedName><DerivedExtID><DerivedValueString>End of Life</DerivedValueString></DerivedExtID></DerivedInstance><DerivedInstance matchingMode="ByName"><VariableName>LifeCycleModel</VariableName><ClassName>Vendor_Lifecycle_Model</ClassName><DerivedName><DerivedValueString> Vendor Lifecycle Model</DerivedValueString><DerivedValueString> for </DerivedValueString><DerivedValueRef preDelimiter="" postDelimiter="">C</DerivedValueRef></DerivedName><DerivedExtID><DerivedValueString> Vendor Lifecycle Model</DerivedValueString><DerivedValueString> for </DerivedValueString><DerivedValueRef preDelimiter="" postDelimiter="">C</DerivedValueRef></DerivedExtID><InstanceSlot><SlotName>lifecycle_model_subject</SlotName><InstanceSlotVar>Product</InstanceSlotVar><ConditionalRef>C</ConditionalRef></InstanceSlot></DerivedInstance><DerivedInstance matchingMode="ByName"><VariableName>BetaUsage</VariableName><ClassName>Vendor_Lifecycle_Status_Usage</ClassName><DerivedName><DerivedValueRef preDelimiter="" postDelimiter="">C</DerivedValueRef><DerivedValueString>  Vendor Lifecycle Model using Beta</DerivedValueString></DerivedName><DerivedExtID><DerivedValueRef preDelimiter="" postDelimiter="">C</DerivedValueRef><DerivedValueString>Vendor Lifecycle Model using Beta</DerivedValueString></DerivedExtID><InstanceSlot><SlotName>lcm_lifecycle_status</SlotName><InstanceSlotVar>BetaStatus</InstanceSlotVar><ConditionalRef>D</ConditionalRef></InstanceSlot><InstanceSlot><SlotName>used_in_lifecycle_model</SlotName><InstanceSlotVar>LifeCycleModel</InstanceSlotVar><ConditionalRef>D</ConditionalRef></InstanceSlot><DerivedSimpleSlot><SlotName>lcm_status_start_date_iso_8601</SlotName><DerivedSlotValue><DerivedValueRef preDelimiter="" postDelimiter="">D</DerivedValueRef></DerivedSlotValue></DerivedSimpleSlot><DerivedSimpleSlot><SlotName>lifecycle_model_type_label</SlotName><DerivedSlotValue><DerivedValueString>Beta </DerivedValueString><DerivedValueRef preDelimiter="" postDelimiter="">D</DerivedValueRef></DerivedSlotValue></DerivedSimpleSlot></DerivedInstance><DerivedInstance matchingMode="ByName"><VariableName>GAUsage</VariableName><ClassName>Vendor_Lifecycle_Status_Usage</ClassName><DerivedName><DerivedValueRef preDelimiter="" postDelimiter="">C</DerivedValueRef><DerivedValueString>  Vendor Lifecycle Model using General Availability</DerivedValueString></DerivedName><DerivedExtID><DerivedValueRef preDelimiter="" postDelimiter="">C</DerivedValueRef><DerivedValueString> Vendor Lifecycle Model using General Availability</DerivedValueString></DerivedExtID><InstanceSlot><SlotName>lcm_lifecycle_status</SlotName><InstanceSlotVar>GAStatus</InstanceSlotVar><ConditionalRef>E</ConditionalRef></InstanceSlot><InstanceSlot><SlotName>used_in_lifecycle_model</SlotName><InstanceSlotVar>LifeCycleModel</InstanceSlotVar><ConditionalRef>E</ConditionalRef></InstanceSlot><DerivedSimpleSlot><SlotName>lcm_status_start_date_iso_8601</SlotName><DerivedSlotValue><DerivedValueRef preDelimiter="" postDelimiter="">E</DerivedValueRef></DerivedSlotValue></DerivedSimpleSlot><DerivedSimpleSlot><SlotName>lifecycle_model_type_label</SlotName><DerivedSlotValue><DerivedValueString>General Availability </DerivedValueString><DerivedValueRef preDelimiter="" postDelimiter="">E</DerivedValueRef></DerivedSlotValue></DerivedSimpleSlot></DerivedInstance><DerivedInstance matchingMode="ByName"><VariableName>ExtSupUsage</VariableName><ClassName>Vendor_Lifecycle_Status_Usage</ClassName><DerivedName><DerivedValueRef preDelimiter="" postDelimiter="">C</DerivedValueRef><DerivedValueString> Vendor Lifecycle model using Extended Support</DerivedValueString></DerivedName><DerivedExtID><DerivedValueRef preDelimiter="" postDelimiter="">C</DerivedValueRef><DerivedValueString>  Vendor Lifecycle Model using Extended Support</DerivedValueString></DerivedExtID><InstanceSlot><SlotName>lcm_lifecycle_status</SlotName><InstanceSlotVar>ExtSupStatus</InstanceSlotVar><ConditionalRef>F</ConditionalRef></InstanceSlot><InstanceSlot><SlotName>used_in_lifecycle_model</SlotName><InstanceSlotVar>LifeCycleModel</InstanceSlotVar><ConditionalRef>F</ConditionalRef></InstanceSlot><DerivedSimpleSlot><SlotName>lcm_status_start_date_iso_8601</SlotName><DerivedSlotValue><DerivedValueRef preDelimiter="" postDelimiter="">F</DerivedValueRef></DerivedSlotValue></DerivedSimpleSlot><DerivedSimpleSlot><SlotName>lifecycle_model_type_label</SlotName><DerivedSlotValue><DerivedValueString>Extended Support </DerivedValueString><DerivedValueRef preDelimiter="" postDelimiter="">F</DerivedValueRef></DerivedSlotValue></DerivedSimpleSlot></DerivedInstance><DerivedInstance matchingMode="ByName"><VariableName>EOLUsage</VariableName><ClassName>Vendor_Lifecycle_Status_Usage</ClassName><DerivedName><DerivedValueRef preDelimiter="" postDelimiter="">C</DerivedValueRef><DerivedValueString> Vendor Lifecycle Model using End of Life</DerivedValueString></DerivedName><DerivedExtID><DerivedValueRef preDelimiter="" postDelimiter="">C</DerivedValueRef><DerivedValueString> Vendor Lifecycle Model using End of Life</DerivedValueString></DerivedExtID><InstanceSlot><SlotName>lcm_lifecycle_status</SlotName><InstanceSlotVar>EOLStatus</InstanceSlotVar><ConditionalRef>G</ConditionalRef></InstanceSlot><InstanceSlot><SlotName>used_in_lifecycle_model</SlotName><InstanceSlotVar>LifeCycleModel</InstanceSlotVar><ConditionalRef>G</ConditionalRef></InstanceSlot><DerivedSimpleSlot><SlotName>lcm_status_start_date_iso_8601</SlotName><DerivedSlotValue><DerivedValueRef preDelimiter="" postDelimiter="">G</DerivedValueRef></DerivedSlotValue></DerivedSimpleSlot><DerivedSimpleSlot><SlotName>lifecycle_model_type_label</SlotName><DerivedSlotValue><DerivedValueString>End of Life </DerivedValueString><DerivedValueRef preDelimiter="" postDelimiter="">G</DerivedValueRef></DerivedSlotValue></DerivedSimpleSlot></DerivedInstance></ns2:WorksheetImportSpec><ns2:WorksheetImportSpec firstRow="8" lastRow="30" name="Tech Prod Internal Lifeycle" imported="true"><SimpleInstance matchingMode="ByName"><VariableName>VendorName</VariableName><ClassName>Supplier</ClassName><NameRef>B</NameRef><ExtIDRef>B</ExtIDRef></SimpleInstance><SimpleInstance matchingMode="ByName"><VariableName>Product</VariableName><ClassName>Technology_Product</ClassName><NameRef>C</NameRef><ExtIDRef>C</ExtIDRef><InstanceSlot><SlotName>supplier_technology_product</SlotName><InstanceSlotVar>VendorName</InstanceSlotVar><ConditionalRef>B</ConditionalRef></InstanceSlot><DerivedSimpleSlot><SlotName>product_label</SlotName><DerivedSlotValue><DerivedValueRef preDelimiter="" postDelimiter="">B</DerivedValueRef><DerivedValueString>::</DerivedValueString><DerivedValueRef preDelimiter="" postDelimiter="">C</DerivedValueRef></DerivedSlotValue></DerivedSimpleSlot></SimpleInstance><DerivedInstance matchingMode="ByName"><VariableName>LifecycleModel</VariableName><ClassName>Lifecycle_Model</ClassName><DerivedName><DerivedValueString>Internal Lifecycle for </DerivedValueString><DerivedValueRef preDelimiter="" postDelimiter="">C</DerivedValueRef></DerivedName><DerivedExtID><DerivedValueString>Internal Lifecycle for </DerivedValueString><DerivedValueRef preDelimiter="" postDelimiter="">C</DerivedValueRef></DerivedExtID><InstanceSlot><SlotName>lifecycle_model_subject</SlotName><InstanceSlotVar>Product</InstanceSlotVar><ConditionalRef>C</ConditionalRef></InstanceSlot></DerivedInstance><SimpleInstance matchingMode="ByName"><VariableName>LifecycleStatus</VariableName><ClassName>Lifecycle_Status</ClassName><NameRef>D</NameRef><ExtIDRef>D</ExtIDRef></SimpleInstance><DerivedInstance matchingMode="ByName"><VariableName>LifecycleStatusUsage</VariableName><ClassName>Lifecycle_Status_Usage</ClassName><DerivedName><DerivedValueString>Internal Lifecycle for </DerivedValueString><DerivedValueRef preDelimiter="" postDelimiter="">C</DerivedValueRef><DerivedValueString> using </DerivedValueString><DerivedValueRef preDelimiter="" postDelimiter="">D</DerivedValueRef></DerivedName><DerivedExtID><DerivedValueString>Internal Lifecycle for </DerivedValueString><DerivedValueRef preDelimiter="" postDelimiter="">C</DerivedValueRef><DerivedValueString> using </DerivedValueString><DerivedValueRef preDelimiter="" postDelimiter="">D</DerivedValueRef></DerivedExtID><InstanceSlot><SlotName>used_in_lifecycle_model</SlotName><InstanceSlotVar>LifecycleModel</InstanceSlotVar><ConditionalRef>C</ConditionalRef></InstanceSlot><InstanceSlot><SlotName>lcm_lifecycle_status</SlotName><InstanceSlotVar>LifecycleStatus</InstanceSlotVar><ConditionalRef>D</ConditionalRef></InstanceSlot><DerivedSimpleSlot><SlotName>lcm_status_start_date_iso_8601</SlotName><DerivedSlotValue><DerivedValueRef preDelimiter="" postDelimiter="">E</DerivedValueRef></DerivedSlotValue></DerivedSimpleSlot><DerivedSimpleSlot><SlotName>lifecycle_model_type_label</SlotName><DerivedSlotValue><DerivedValueRef preDelimiter="" postDelimiter="">D</DerivedValueRef><DerivedValueString> - </DerivedValueString><DerivedValueRef preDelimiter="" postDelimiter="">E</DerivedValueRef></DerivedSlotValue></DerivedSimpleSlot></DerivedInstance></ns2:WorksheetImportSpec><ns2:WorksheetImportSpec firstRow="8" lastRow="20" name="Internal Tech Prod Lifecycles" imported="true"><SimpleInstance matchingMode="ByID"><VariableName>LifecycleStatus</VariableName><ClassName>Lifecycle_Status</ClassName><NameRef>C</NameRef><ExtIDRef>B</ExtIDRef><SimpleSlot><SlotName>description</SlotName><SlotValueRef>D</SlotValueRef></SimpleSlot><SimpleSlot><SlotName>enumeration_value</SlotName><SlotValueRef>E</SlotValueRef></SimpleSlot><PrimitiveSlot><SlotName>enumeration_sequence_number</SlotName><SlotValueRef>F</SlotValueRef><PrimitiveSlotType>Integer</PrimitiveSlotType></PrimitiveSlot></SimpleInstance><DerivedInstance matchingMode="ByName"><VariableName>elementSytling</VariableName><ClassName>Element_Style</ClassName><DerivedName><DerivedValueString>View Styling for </DerivedValueString><DerivedValueRef preDelimiter="" postDelimiter="">C</DerivedValueRef></DerivedName><DerivedExtID><DerivedValueString>View Styling for </DerivedValueString><DerivedValueRef preDelimiter="" postDelimiter="">C</DerivedValueRef></DerivedExtID><InstanceSlot><SlotName>style_for_elements</SlotName><InstanceSlotVar>LifecycleStatus</InstanceSlotVar><ConditionalRef>C</ConditionalRef></InstanceSlot><SimpleSlot><SlotName>element_style_colour</SlotName><SlotValueRef>G</SlotValueRef></SimpleSlot></DerivedInstance></ns2:WorksheetImportSpec><ns2:WorksheetImportSpec firstRow="8" lastRow="20" name="Ref" imported="true"><SimpleInstance matchingMode="ByName"><VariableName>LifecycleStatus</VariableName><ClassName>Vendor_Lifecycle_Status</ClassName><NameRef>C</NameRef><ExtIDRef>C</ExtIDRef></SimpleInstance><DerivedInstance matchingMode="ByName"><VariableName>elementSytling</VariableName><ClassName>Element_Style</ClassName><DerivedName><DerivedValueString>View Styling for </DerivedValueString><DerivedValueRef preDelimiter="" postDelimiter="">C</DerivedValueRef></DerivedName><DerivedExtID><DerivedValueString>View Styling for </DerivedValueString><DerivedValueRef preDelimiter="" postDelimiter="">C</DerivedValueRef></DerivedExtID><InstanceSlot><SlotName>style_for_elements</SlotName><InstanceSlotVar>LifecycleStatus</InstanceSlotVar><ConditionalRef>C</ConditionalRef></InstanceSlot><SimpleSlot><SlotName>element_style_colour</SlotName><SlotValueRef>D</SlotValueRef></SimpleSlot></DerivedInstance></ns2:WorksheetImportSpec></ns2:SpreadsheetImportSpec>