<?xml version="1.0" encoding="UTF-8" standalone="yes"?><ns2:SpreadsheetImportSpec xmlns="http://www.enterprise-architecture.org/essential/importutility/common" xmlns:ns2="http://www.enterprise-architecture.org/essential/importutility/importspec" import_schema_version="1.0"><ns2:GlobalInstances/><ns2:WorksheetImportSpec firstRow="8" lastRow="40" name="App to Tech Products" imported="true"><SimpleInstance matchingMode="ByName"><VariableName>anAppProv</VariableName><ClassName>Composite_Application_Provider</ClassName><NameRef>B</NameRef><ExtIDRef>B</ExtIDRef></SimpleInstance><DerivedInstance matchingMode="ByName"><VariableName>appTechPlatform</VariableName><ClassName>Technology_Product_Build</ClassName><DerivedName><DerivedValueRef preDelimiter="" postDelimiter="">B</DerivedValueRef><DerivedValueString> - </DerivedValueString><DerivedValueRef preDelimiter="" postDelimiter="">C</DerivedValueRef><DerivedValueString> Technology Platform</DerivedValueString></DerivedName><DerivedExtID><DerivedValueRef preDelimiter="" postDelimiter="">B</DerivedValueRef><DerivedValueString> - </DerivedValueString><DerivedValueRef preDelimiter="" postDelimiter="">C</DerivedValueRef><DerivedValueString> Technology Platform</DerivedValueString></DerivedExtID><DerivedSimpleSlot><SlotName>description</SlotName><DerivedSlotValue><DerivedValueString>Technology platform supporting the </DerivedValueString><DerivedValueRef preDelimiter="" postDelimiter="">B</DerivedValueRef><DerivedValueString> application</DerivedValueString></DerivedSlotValue></DerivedSimpleSlot></DerivedInstance><SimpleInstance matchingMode="ByName"><VariableName>appDeploymentRole</VariableName><ClassName>Deployment_Role</ClassName><NameRef>C</NameRef><ExtIDRef>C</ExtIDRef></SimpleInstance><DerivedInstance matchingMode="ByName"><VariableName>appDeployment</VariableName><ClassName>Application_Deployment</ClassName><DerivedName><DerivedValueRef preDelimiter="" postDelimiter="">B</DerivedValueRef><DerivedValueString> - </DerivedValueString><DerivedValueRef preDelimiter="" postDelimiter="">C</DerivedValueRef></DerivedName><DerivedExtID><DerivedValueRef preDelimiter="" postDelimiter="">B</DerivedValueRef><DerivedValueString> - </DerivedValueString><DerivedValueRef preDelimiter="" postDelimiter="">C</DerivedValueRef></DerivedExtID><InstanceSlot><SlotName>application_provider_deployed</SlotName><InstanceSlotVar>anAppProv</InstanceSlotVar><ConditionalRef>B</ConditionalRef></InstanceSlot><InstanceSlot><SlotName>application_deployment_role</SlotName><InstanceSlotVar>appDeploymentRole</InstanceSlotVar><ConditionalRef>C</ConditionalRef></InstanceSlot><InstanceSlot><SlotName>application_deployment_technical_arch</SlotName><InstanceSlotVar>appTechPlatform</InstanceSlotVar><ConditionalRef>B</ConditionalRef><ConditionalRef>C</ConditionalRef></InstanceSlot><SimpleSlot><SlotName>application_deployment_label</SlotName><SlotValueRef>B</SlotValueRef></SimpleSlot></DerivedInstance><DerivedInstance matchingMode="ByName"><VariableName>appTechPlatformArch</VariableName><ClassName>Technology_Build_Architecture</ClassName><DerivedName><DerivedValueRef preDelimiter="" postDelimiter="">B</DerivedValueRef><DerivedValueString> - </DerivedValueString><DerivedValueRef preDelimiter="" postDelimiter="">C</DerivedValueRef><DerivedValueString> Architecture Model</DerivedValueString><DerivedValueString> Technology Platform::Product Architecture</DerivedValueString></DerivedName><DerivedExtID><DerivedValueRef preDelimiter="" postDelimiter="">B</DerivedValueRef><DerivedValueString> - </DerivedValueString><DerivedValueRef preDelimiter="" postDelimiter="">C</DerivedValueRef><DerivedValueString> Technology Platform::Product Architecture</DerivedValueString></DerivedExtID><DerivedSimpleSlot><SlotName>description</SlotName><DerivedSlotValue><DerivedValueString>Defines the technology products used to implement the </DerivedValueString><DerivedValueRef preDelimiter="" postDelimiter="">C</DerivedValueRef><DerivedValueString> deployment of the </DerivedValueString><DerivedValueRef preDelimiter="" postDelimiter="">B</DerivedValueRef><DerivedValueString> application</DerivedValueString></DerivedSlotValue></DerivedSimpleSlot><InstanceSlot><SlotName>describes_technology_provider</SlotName><InstanceSlotVar>appTechPlatform</InstanceSlotVar><ConditionalRef>B</ConditionalRef><ConditionalRef>C</ConditionalRef></InstanceSlot></DerivedInstance><SimpleInstance matchingMode="ByName"><VariableName>fromTechComp</VariableName><ClassName>Technology_Component</ClassName><NameRef>E</NameRef><ExtIDRef>E</ExtIDRef></SimpleInstance><SimpleInstance matchingMode="ByName"><VariableName>fromTechProd</VariableName><ClassName>Technology_Product</ClassName><NameRef>D</NameRef><ExtIDRef>D</ExtIDRef></SimpleInstance><DerivedInstance matchingMode="ByName"><VariableName>fromTechProdRole</VariableName><ClassName>Technology_Product_Role</ClassName><DerivedName><DerivedValueRef preDelimiter="" postDelimiter="">D</DerivedValueRef><DerivedValueString> as </DerivedValueString><DerivedValueRef preDelimiter="" postDelimiter="">E</DerivedValueRef></DerivedName><DerivedExtID><DerivedValueRef preDelimiter="" postDelimiter="">D</DerivedValueRef><DerivedValueString> as </DerivedValueString><DerivedValueRef preDelimiter="" postDelimiter="">E</DerivedValueRef></DerivedExtID><InstanceSlot><SlotName>role_for_technology_provider</SlotName><InstanceSlotVar>fromTechProd</InstanceSlotVar><ConditionalRef>D</ConditionalRef></InstanceSlot><InstanceSlot><SlotName>implementing_technology_component</SlotName><InstanceSlotVar>fromTechComp</InstanceSlotVar><ConditionalRef>E</ConditionalRef></InstanceSlot></DerivedInstance><DerivedInstance matchingMode="ByName"><VariableName>fromTechProdRoleUsage</VariableName><ClassName>Technology_Provider_Usage</ClassName><DerivedName><DerivedValueRef preDelimiter="" postDelimiter="">D</DerivedValueRef><DerivedValueString> as </DerivedValueString><DerivedValueRef preDelimiter="" postDelimiter="">E</DerivedValueRef><DerivedValueString>::in::</DerivedValueString><DerivedValueRef preDelimiter="" postDelimiter="">B</DerivedValueRef><DerivedValueString> - </DerivedValueString><DerivedValueRef preDelimiter="" postDelimiter="">C</DerivedValueRef><DerivedValueString> Architecture Model</DerivedValueString><DerivedValueString> Technology Platform::Product Architecture</DerivedValueString></DerivedName><DerivedExtID><DerivedValueRef preDelimiter="" postDelimiter="">D</DerivedValueRef><DerivedValueString> as </DerivedValueString><DerivedValueRef preDelimiter="" postDelimiter="">E</DerivedValueRef><DerivedValueString>::in::</DerivedValueString><DerivedValueRef preDelimiter="" postDelimiter="">B</DerivedValueRef><DerivedValueString> - </DerivedValueString><DerivedValueRef preDelimiter="" postDelimiter="">C</DerivedValueRef><DerivedValueString> Technology Platform::Product Architecture</DerivedValueString></DerivedExtID><DerivedSimpleSlot><SlotName>description</SlotName><DerivedSlotValue><DerivedValueString>Usage of the </DerivedValueString><DerivedValueRef preDelimiter="" postDelimiter="">D</DerivedValueRef><DerivedValueString> technology as a </DerivedValueString><DerivedValueRef preDelimiter="" postDelimiter="">E</DerivedValueRef><DerivedValueString> in the technology platform supporting the </DerivedValueString><DerivedValueRef preDelimiter="" postDelimiter="">C</DerivedValueRef><DerivedValueString> deployment of the </DerivedValueString><DerivedValueRef preDelimiter="" postDelimiter="">B</DerivedValueRef><DerivedValueString> application</DerivedValueString></DerivedSlotValue></DerivedSimpleSlot><DerivedSimpleSlot><SlotName>technology_architecture_display_label</SlotName><DerivedSlotValue><DerivedValueRef preDelimiter="" postDelimiter="">D</DerivedValueRef><DerivedValueString> as </DerivedValueString><DerivedValueRef preDelimiter="" postDelimiter="">E</DerivedValueRef></DerivedSlotValue></DerivedSimpleSlot><InstanceSlot><SlotName>used_in_technology_provider_architecture</SlotName><InstanceSlotVar>appTechPlatformArch</InstanceSlotVar><ConditionalRef>B</ConditionalRef><ConditionalRef>C</ConditionalRef></InstanceSlot><InstanceSlot><SlotName>provider_as_role</SlotName><InstanceSlotVar>fromTechProdRole</InstanceSlotVar><ConditionalRef>D</ConditionalRef><ConditionalRef>E</ConditionalRef></InstanceSlot></DerivedInstance><SimpleInstance matchingMode="ByName"><VariableName>toTechComp</VariableName><ClassName>Technology_Component</ClassName><NameRef>G</NameRef><ExtIDRef>G</ExtIDRef></SimpleInstance><SimpleInstance matchingMode="ByName"><VariableName>toTechProd</VariableName><ClassName>Technology_Product</ClassName><NameRef>F</NameRef><ExtIDRef>F</ExtIDRef></SimpleInstance><DerivedInstance matchingMode="ByName"><VariableName>toTechProdRole</VariableName><ClassName>Technology_Product_Role</ClassName><DerivedName><DerivedValueRef preDelimiter="" postDelimiter="">F</DerivedValueRef><DerivedValueString> as </DerivedValueString><DerivedValueRef preDelimiter="" postDelimiter="">G</DerivedValueRef></DerivedName><DerivedExtID><DerivedValueRef preDelimiter="" postDelimiter="">F</DerivedValueRef><DerivedValueString> as </DerivedValueString><DerivedValueRef preDelimiter="" postDelimiter="">G</DerivedValueRef></DerivedExtID><InstanceSlot><SlotName>role_for_technology_provider</SlotName><InstanceSlotVar>toTechProd</InstanceSlotVar><ConditionalRef>F</ConditionalRef></InstanceSlot><InstanceSlot><SlotName>implementing_technology_component</SlotName><InstanceSlotVar>toTechComp</InstanceSlotVar><ConditionalRef>G</ConditionalRef></InstanceSlot></DerivedInstance><DerivedInstance matchingMode="ByName"><VariableName>toTechProdRoleUsage</VariableName><ClassName>Technology_Provider_Usage</ClassName><DerivedName><DerivedValueRef preDelimiter="" postDelimiter="">F</DerivedValueRef><DerivedValueString> as </DerivedValueString><DerivedValueRef preDelimiter="" postDelimiter="">G</DerivedValueRef><DerivedValueString>::in::</DerivedValueString><DerivedValueRef preDelimiter="" postDelimiter="">B</DerivedValueRef><DerivedValueString> - </DerivedValueString><DerivedValueRef preDelimiter="" postDelimiter="">C</DerivedValueRef><DerivedValueString> Architecture Model</DerivedValueString><DerivedValueString> Technology Platform::Product Architecture</DerivedValueString></DerivedName><DerivedExtID><DerivedValueRef preDelimiter="" postDelimiter="">F</DerivedValueRef><DerivedValueString> as </DerivedValueString><DerivedValueRef preDelimiter="" postDelimiter="">G</DerivedValueRef><DerivedValueString>::in::</DerivedValueString><DerivedValueRef preDelimiter="" postDelimiter="">B</DerivedValueRef><DerivedValueString> - </DerivedValueString><DerivedValueRef preDelimiter="" postDelimiter="">C</DerivedValueRef><DerivedValueString> Technology Platform::Product Architecture</DerivedValueString></DerivedExtID><DerivedSimpleSlot><SlotName>description</SlotName><DerivedSlotValue><DerivedValueString>Usage of the </DerivedValueString><DerivedValueRef preDelimiter="" postDelimiter="">F</DerivedValueRef><DerivedValueString> technology as a </DerivedValueString><DerivedValueRef preDelimiter="" postDelimiter="">G</DerivedValueRef><DerivedValueString> in the technology platform supporting the </DerivedValueString><DerivedValueRef preDelimiter="" postDelimiter="">C</DerivedValueRef><DerivedValueString> deployment of the </DerivedValueString><DerivedValueRef preDelimiter="" postDelimiter="">B</DerivedValueRef><DerivedValueString> application</DerivedValueString></DerivedSlotValue></DerivedSimpleSlot><DerivedSimpleSlot><SlotName>technology_architecture_display_label</SlotName><DerivedSlotValue><DerivedValueRef preDelimiter="" postDelimiter="">F</DerivedValueRef><DerivedValueString> as </DerivedValueString><DerivedValueRef preDelimiter="" postDelimiter="">G</DerivedValueRef></DerivedSlotValue></DerivedSimpleSlot><InstanceSlot><SlotName>used_in_technology_provider_architecture</SlotName><InstanceSlotVar>appTechPlatformArch</InstanceSlotVar><ConditionalRef>B</ConditionalRef><ConditionalRef>C</ConditionalRef></InstanceSlot><InstanceSlot><SlotName>provider_as_role</SlotName><InstanceSlotVar>toTechProdRole</InstanceSlotVar><ConditionalRef>F</ConditionalRef><ConditionalRef>G</ConditionalRef></InstanceSlot></DerivedInstance><DerivedInstance matchingMode="ByName"><VariableName>techProdRelation</VariableName><ClassName>:TPU-TO-TPU-RELATION</ClassName><DerivedName><DerivedValueRef preDelimiter="" postDelimiter="">B</DerivedValueRef><DerivedValueString> - </DerivedValueString><DerivedValueRef preDelimiter="" postDelimiter="">C</DerivedValueRef><DerivedValueString> Architecture Model</DerivedValueString><DerivedValueString> Technology Platform::Product Architecture</DerivedValueString><DerivedValueString>::</DerivedValueString><DerivedValueRef preDelimiter="" postDelimiter="">D</DerivedValueRef><DerivedValueString> as </DerivedValueString><DerivedValueRef preDelimiter="" postDelimiter="">E</DerivedValueRef><DerivedValueString>::in::</DerivedValueString><DerivedValueRef preDelimiter="" postDelimiter="">B</DerivedValueRef><DerivedValueString> - </DerivedValueString><DerivedValueRef preDelimiter="" postDelimiter="">C</DerivedValueRef><DerivedValueString> Technology Platform::Product Architecture::depends on::</DerivedValueString><DerivedValueRef preDelimiter="" postDelimiter="">F</DerivedValueRef><DerivedValueString> as </DerivedValueString><DerivedValueRef preDelimiter="" postDelimiter="">G</DerivedValueRef><DerivedValueString>::in::</DerivedValueString><DerivedValueRef preDelimiter="" postDelimiter="">B</DerivedValueRef><DerivedValueString> - </DerivedValueString><DerivedValueRef preDelimiter="" postDelimiter="">C</DerivedValueRef><DerivedValueString> Technology Platform::Product Architecture</DerivedValueString></DerivedName><DerivedExtID><DerivedValueRef preDelimiter="" postDelimiter="">B</DerivedValueRef><DerivedValueString> - </DerivedValueString><DerivedValueRef preDelimiter="" postDelimiter="">C</DerivedValueRef><DerivedValueString> Technology Platform::Product Architecture</DerivedValueString><DerivedValueString>::</DerivedValueString><DerivedValueRef preDelimiter="" postDelimiter="">D</DerivedValueRef><DerivedValueString> as </DerivedValueString><DerivedValueRef preDelimiter="" postDelimiter="">E</DerivedValueRef><DerivedValueString>::in::</DerivedValueString><DerivedValueRef preDelimiter="" postDelimiter="">B</DerivedValueRef><DerivedValueString> - </DerivedValueString><DerivedValueRef preDelimiter="" postDelimiter="">C</DerivedValueRef><DerivedValueString> Technology Platform::Product Architecture::depends on::</DerivedValueString><DerivedValueRef preDelimiter="" postDelimiter="">F</DerivedValueRef><DerivedValueString> as </DerivedValueString><DerivedValueRef preDelimiter="" postDelimiter="">G</DerivedValueRef><DerivedValueString>::in::</DerivedValueString><DerivedValueRef preDelimiter="" postDelimiter="">B</DerivedValueRef><DerivedValueString> - </DerivedValueString><DerivedValueRef preDelimiter="" postDelimiter="">C</DerivedValueRef><DerivedValueString> Technology Platform::Product Architecture</DerivedValueString></DerivedExtID><DerivedSimpleSlot><SlotName>:relation_label</SlotName><DerivedSlotValue><DerivedValueString>depends on</DerivedValueString></DerivedSlotValue></DerivedSimpleSlot><InstanceSlot><SlotName>:FROM</SlotName><InstanceSlotVar>fromTechProdRoleUsage</InstanceSlotVar><ConditionalRef>D</ConditionalRef><ConditionalRef>E</ConditionalRef></InstanceSlot><InstanceSlot><SlotName>:TO</SlotName><InstanceSlotVar>toTechProdRoleUsage</InstanceSlotVar><ConditionalRef>F</ConditionalRef><ConditionalRef>G</ConditionalRef></InstanceSlot><InstanceSlot><SlotName>relation_contained_in_tech_provider_architecture</SlotName><InstanceSlotVar>appTechPlatformArch</InstanceSlotVar><ConditionalRef>B</ConditionalRef><ConditionalRef>C</ConditionalRef></InstanceSlot></DerivedInstance><ns2:WorksheetDescription>Captures the logical technology products supporting an application
        </ns2:WorksheetDescription></ns2:WorksheetImportSpec><ns2:WorksheetImportSpec firstRow="8" lastRow="30" name="Tech Reference Archs" imported="true"><DerivedInstance matchingMode="ByName"><VariableName>referenceLifecycleStatis</VariableName><ClassName>Lifecycle_Status</ClassName><DerivedName><DerivedValueString>Reference</DerivedValueString></DerivedName><DerivedExtID><DerivedValueString>Reference</DerivedValueString></DerivedExtID></DerivedInstance><SimpleInstance matchingMode="ByID"><VariableName>techRefArch</VariableName><ClassName>Technology_Composite</ClassName><NameRef>C</NameRef><ExtIDRef>B</ExtIDRef><SimpleSlot><SlotName>description</SlotName><SlotValueRef>D</SlotValueRef></SimpleSlot><InstanceSlot><SlotName>technology_component_lifecycle_status</SlotName><InstanceSlotVar>referenceLifecycleStatis</InstanceSlotVar></InstanceSlot></SimpleInstance></ns2:WorksheetImportSpec><ns2:WorksheetImportSpec firstRow="8" lastRow="40" name="Tech Ref Arch Svc Quals" imported="true"><SimpleInstance matchingMode="ByName"><VariableName>techSvcQualityVal</VariableName><ClassName>Technology_Service_Quality_Value</ClassName><NameRef>C</NameRef><ExtIDRef>C</ExtIDRef></SimpleInstance><SimpleInstance matchingMode="ByName"><VariableName>techRefArch</VariableName><ClassName>Technology_Composite</ClassName><NameRef>B</NameRef><ExtIDRef>B</ExtIDRef></SimpleInstance><DerivedInstance matchingMode="ByName"><VariableName>techRefPerformanceMeasure</VariableName><ClassName>Technology_Performance_Measure</ClassName><DerivedName><DerivedValueRef preDelimiter="" postDelimiter="">B</DerivedValueRef><DerivedValueString> Service Qualities</DerivedValueString></DerivedName><DerivedExtID><DerivedValueRef preDelimiter="" postDelimiter="">B</DerivedValueRef><DerivedValueString> Service Qualities</DerivedValueString></DerivedExtID><InstanceSlot><SlotName>pm_measured_element</SlotName><InstanceSlotVar>techRefArch</InstanceSlotVar><ConditionalRef>B</ConditionalRef></InstanceSlot><InstanceSlot><SlotName>pm_performance_value</SlotName><InstanceSlotVar>techSvcQualityVal</InstanceSlotVar><ConditionalRef>C</ConditionalRef></InstanceSlot></DerivedInstance></ns2:WorksheetImportSpec><ns2:WorksheetImportSpec firstRow="8" lastRow="30" name="Tech Reference Models" imported="true"><SimpleInstance matchingMode="ByID"><VariableName>techRefArch</VariableName><ClassName>Technology_Composite</ClassName><NameRef>B</NameRef><ExtIDRef>B</ExtIDRef></SimpleInstance><DerivedInstance matchingMode="ByName"><VariableName>refModelArch</VariableName><ClassName>Technology_Component_Architecture</ClassName><DerivedName><DerivedValueRef preDelimiter="" postDelimiter="">B</DerivedValueRef><DerivedValueString>::model</DerivedValueString></DerivedName><DerivedExtID><DerivedValueRef preDelimiter="" postDelimiter="">B</DerivedValueRef><DerivedValueString>::model</DerivedValueString></DerivedExtID><InstanceSlot><SlotName>describes_technology_composite</SlotName><InstanceSlotVar>techRefArch</InstanceSlotVar></InstanceSlot></DerivedInstance><SimpleInstance matchingMode="ByName"><VariableName>fromTechComponent</VariableName><ClassName>Technology_Component</ClassName><NameRef>C</NameRef><ExtIDRef>C</ExtIDRef></SimpleInstance><DerivedInstance matchingMode="ByName"><VariableName>fromTechCompUsage</VariableName><ClassName>Technology_Component_Usage</ClassName><DerivedName><DerivedValueRef preDelimiter="" postDelimiter="">C</DerivedValueRef><DerivedValueString>::in::</DerivedValueString><DerivedValueRef preDelimiter="" postDelimiter="">B</DerivedValueRef><DerivedValueString>::model</DerivedValueString></DerivedName><DerivedExtID><DerivedValueRef preDelimiter="" postDelimiter="">C</DerivedValueRef><DerivedValueString>::in::</DerivedValueString><DerivedValueRef preDelimiter="" postDelimiter="">B</DerivedValueRef><DerivedValueString>::model</DerivedValueString></DerivedExtID><InstanceSlot><SlotName>usage_of_technology_component</SlotName><InstanceSlotVar>fromTechComponent</InstanceSlotVar></InstanceSlot><InstanceSlot><SlotName>inverse_of_technology_component_usages</SlotName><InstanceSlotVar>refModelArch</InstanceSlotVar><ConditionalRef>B</ConditionalRef></InstanceSlot></DerivedInstance><SimpleInstance matchingMode="ByName"><VariableName>toTechComponent</VariableName><ClassName>Technology_Component</ClassName><NameRef>D</NameRef><ExtIDRef>D</ExtIDRef></SimpleInstance><DerivedInstance matchingMode="ByName"><VariableName>toTechCompUsage</VariableName><ClassName>Technology_Component_Usage</ClassName><DerivedName><DerivedValueRef preDelimiter="" postDelimiter="">D</DerivedValueRef><DerivedValueString>::in::</DerivedValueString><DerivedValueRef preDelimiter="" postDelimiter="">B</DerivedValueRef><DerivedValueString>::model</DerivedValueString></DerivedName><DerivedExtID><DerivedValueRef preDelimiter="" postDelimiter="">D</DerivedValueRef><DerivedValueString>::in::</DerivedValueString><DerivedValueRef preDelimiter="" postDelimiter="">B</DerivedValueRef><DerivedValueString>::model</DerivedValueString></DerivedExtID><InstanceSlot><SlotName>usage_of_technology_component</SlotName><InstanceSlotVar>toTechComponent</InstanceSlotVar></InstanceSlot><InstanceSlot><SlotName>inverse_of_technology_component_usages</SlotName><InstanceSlotVar>refModelArch</InstanceSlotVar><ConditionalRef>B</ConditionalRef></InstanceSlot></DerivedInstance><DerivedInstance matchingMode="ByName"><VariableName>techArchRelation</VariableName><ClassName>:TCU-TO-TCU-RELATION</ClassName><DerivedName><DerivedValueRef preDelimiter="" postDelimiter="">B</DerivedValueRef><DerivedValueString>::model::</DerivedValueString><DerivedValueRef preDelimiter="" postDelimiter="">C</DerivedValueRef><DerivedValueString>::in::</DerivedValueString><DerivedValueRef preDelimiter="" postDelimiter="">B</DerivedValueRef><DerivedValueString>::model::depends on::</DerivedValueString><DerivedValueRef preDelimiter="" postDelimiter="">D</DerivedValueRef><DerivedValueString>::in::</DerivedValueString><DerivedValueRef preDelimiter="" postDelimiter="">B</DerivedValueRef><DerivedValueString>::model</DerivedValueString></DerivedName><DerivedExtID><DerivedValueRef preDelimiter="" postDelimiter="">B</DerivedValueRef><DerivedValueString>::model::</DerivedValueString><DerivedValueRef preDelimiter="" postDelimiter="">C</DerivedValueRef><DerivedValueString>::in::</DerivedValueString><DerivedValueRef preDelimiter="" postDelimiter="">B</DerivedValueRef><DerivedValueString>::model::depends on::</DerivedValueString><DerivedValueRef preDelimiter="" postDelimiter="">D</DerivedValueRef><DerivedValueString>::in</DerivedValueString><DerivedValueRef preDelimiter="" postDelimiter="">B</DerivedValueRef><DerivedValueString>::model</DerivedValueString></DerivedExtID><InstanceSlot><SlotName>:FROM</SlotName><InstanceSlotVar>fromTechCompUsage</InstanceSlotVar><ConditionalRef>C</ConditionalRef></InstanceSlot><InstanceSlot><SlotName>:TO</SlotName><InstanceSlotVar>toTechCompUsage</InstanceSlotVar><ConditionalRef>D</ConditionalRef></InstanceSlot><InstanceSlot><SlotName>architecture_containing_tcf_relations</SlotName><InstanceSlotVar>refModelArch</InstanceSlotVar></InstanceSlot></DerivedInstance></ns2:WorksheetImportSpec></ns2:SpreadsheetImportSpec>