<?xml version="1.0" encoding="UTF-8" standalone="yes"?><ns2:SpreadsheetImportSpec xmlns="http://www.enterprise-architecture.org/essential/importutility/common" xmlns:ns2="http://www.enterprise-architecture.org/essential/importutility/importspec" import_schema_version="1.0"><ns2:GlobalInstances/><ns2:WorksheetImportSpec firstRow="106" lastRow="107" name="Control Framework Assessment" imported="true"><DerivedInstance matchingMode="ByName"><VariableName>ManagingProcOwningRole</VariableName><ClassName>Individual_Business_Role</ClassName><DerivedName><DerivedValueString>Managing Process Owner</DerivedValueString></DerivedName><DerivedExtID><DerivedValueString>Managing Process Owner</DerivedValueString></DerivedExtID></DerivedInstance><SimpleInstance matchingMode="ByName"><VariableName>ManagingProcOwner</VariableName><ClassName>Individual_Actor</ClassName><NameRef>G</NameRef><ExtIDRef>G</ExtIDRef></SimpleInstance><DerivedInstance matchingMode="ByName"><VariableName>ManagingProcOwnerStakeholder</VariableName><ClassName>ACTOR_TO_ROLE_RELATION</ClassName><DerivedName><DerivedValueRef preDelimiter="" postDelimiter="">G</DerivedValueRef><DerivedValueString> as Managing Process Owner</DerivedValueString></DerivedName><DerivedExtID><DerivedValueRef preDelimiter="" postDelimiter="">G</DerivedValueRef><DerivedValueString> as Managing Process Owner</DerivedValueString></DerivedExtID><InstanceSlot><SlotName>act_to_role_from_actor</SlotName><InstanceSlotVar>ManagingProcOwner</InstanceSlotVar><ConditionalRef>G</ConditionalRef></InstanceSlot><InstanceSlot><SlotName>act_to_role_to_role</SlotName><InstanceSlotVar>ManagingProcOwningRole</InstanceSlotVar><ConditionalRef>G</ConditionalRef></InstanceSlot></DerivedInstance><SimpleInstance matchingMode="ByName"><VariableName>ExtRefLink</VariableName><ClassName>External_Reference_Link</ClassName><NameRef>H</NameRef><ExtIDRef>H</ExtIDRef><SimpleSlot><SlotName>external_reference_url</SlotName><SlotValueRef>I</SlotValueRef></SimpleSlot></SimpleInstance><SimpleInstance matchingMode="ByName"><VariableName>ManagingBusProc</VariableName><ClassName>Business_Process</ClassName><NameRef>F</NameRef><ExtIDRef>F</ExtIDRef><InstanceSlot><SlotName>stakeholders</SlotName><InstanceSlotVar>ManagingProcOwnerStakeholder</InstanceSlotVar><ConditionalRef>G</ConditionalRef></InstanceSlot><InstanceSlot><SlotName>external_reference_links</SlotName><InstanceSlotVar>ExtRefLink</InstanceSlotVar><ConditionalRef>H</ConditionalRef><ConditionalRef>I</ConditionalRef></InstanceSlot></SimpleInstance><SimpleInstance matchingMode="ByName"><VariableName>Control</VariableName><ClassName>Control</ClassName><NameRef>C</NameRef><ExtIDRef>B</ExtIDRef><SimpleSlot><SlotName>description</SlotName><SlotValueRef>D</SlotValueRef></SimpleSlot><InstanceSlot><SlotName>control_supported_by_business</SlotName><InstanceSlotVar>ManagingBusProc</InstanceSlotVar><ConditionalRef>F</ConditionalRef></InstanceSlot></SimpleInstance><SimpleInstance matchingMode="ByName"><VariableName>Assessor</VariableName><ClassName>Individual_Actor</ClassName><NameRef>J</NameRef><ExtIDRef>J</ExtIDRef></SimpleInstance><SimpleInstance matchingMode="ByName"><VariableName>Outcome</VariableName><ClassName>Control_Assessment_Finding</ClassName><NameRef>L</NameRef><ExtIDRef>L</ExtIDRef></SimpleInstance><DerivedInstance matchingMode="ByName"><VariableName>ContSolAssessment</VariableName><ClassName>Control_Solution_Assessment</ClassName><DerivedName><DerivedValueRef preDelimiter="" postDelimiter="">F</DerivedValueRef><DerivedValueString> assessed on </DerivedValueString><DerivedValueRef preDelimiter="" postDelimiter="">K</DerivedValueRef></DerivedName><DerivedExtID><DerivedValueRef preDelimiter="" postDelimiter="">F</DerivedValueRef><DerivedValueString> assessed on </DerivedValueString><DerivedValueRef preDelimiter="" postDelimiter="">K</DerivedValueRef></DerivedExtID><InstanceSlot><SlotName>assessed_control_solution</SlotName><InstanceSlotVar>ManagingBusProc</InstanceSlotVar><ConditionalRef>F</ConditionalRef></InstanceSlot><InstanceSlot><SlotName>control_solution_assessor</SlotName><InstanceSlotVar>Assessor</InstanceSlotVar><ConditionalRef>J</ConditionalRef></InstanceSlot><InstanceSlot><SlotName>assessment_finding</SlotName><InstanceSlotVar>Outcome</InstanceSlotVar><ConditionalRef>L</ConditionalRef></InstanceSlot><SimpleSlot><SlotName>assessment_date_iso_8601</SlotName><SlotValueRef>K</SlotValueRef></SimpleSlot><SimpleSlot><SlotName>ca_finding_impact_comments</SlotName><SlotValueRef>M</SlotValueRef></SimpleSlot></DerivedInstance><DerivedInstance matchingMode="ByName"><VariableName>ControlSolution</VariableName><ClassName>Control_Solution</ClassName><DerivedName><DerivedValueRef preDelimiter="" postDelimiter="">C</DerivedValueRef><DerivedValueString> Control Solution</DerivedValueString></DerivedName><DerivedExtID><DerivedValueRef preDelimiter="" postDelimiter="">C</DerivedValueRef><DerivedValueString> Control Solution</DerivedValueString></DerivedExtID><InstanceSlot><SlotName>control_solution_business_elements</SlotName><InstanceSlotVar>ManagingBusProc</InstanceSlotVar><ConditionalRef>F</ConditionalRef></InstanceSlot><InstanceSlot><SlotName>control_solution_assessments</SlotName><InstanceSlotVar>ContSolAssessment</InstanceSlotVar><ConditionalRef>C</ConditionalRef><ConditionalRef>F</ConditionalRef></InstanceSlot><InstanceSlot><SlotName>control_solution_for_controls</SlotName><InstanceSlotVar>Control</InstanceSlotVar><ConditionalRef>C</ConditionalRef></InstanceSlot></DerivedInstance><SimpleInstance matchingMode="ByName"><VariableName>ControlFwork</VariableName><ClassName>Control_Framework</ClassName><NameRef>E</NameRef><ExtIDRef>E</ExtIDRef><InstanceSlot><SlotName>cf_controls</SlotName><InstanceSlotVar>Control</InstanceSlotVar><ConditionalRef>C</ConditionalRef></InstanceSlot></SimpleInstance></ns2:WorksheetImportSpec><ns2:WorksheetImportSpec firstRow="8" lastRow="100" name="Control Compliance Assessment" imported="true"><SimpleInstance matchingMode="ByName"><VariableName>AssessedBusProc</VariableName><ClassName>Business_Process</ClassName><NameRef>C</NameRef><ExtIDRef>C</ExtIDRef></SimpleInstance><SimpleInstance matchingMode="ByName"><VariableName>AssessedApp</VariableName><ClassName>Composite_Application_Provider</ClassName><NameRef>D</NameRef><ExtIDRef>D</ExtIDRef></SimpleInstance><SimpleInstance matchingMode="ByName"><VariableName>AssessedAppMod</VariableName><ClassName>Application_Provider</ClassName><NameRef>E</NameRef><ExtIDRef>E</ExtIDRef></SimpleInstance><SimpleInstance matchingMode="ByName"><VariableName>AssessedAppInt</VariableName><ClassName>Application_Provider_Interface</ClassName><NameRef>F</NameRef><ExtIDRef>F</ExtIDRef></SimpleInstance><SimpleInstance matchingMode="ByName"><VariableName>AssessedTechProd</VariableName><ClassName>Technology_Product</ClassName><NameRef>G</NameRef><ExtIDRef>G</ExtIDRef></SimpleInstance><SimpleInstance matchingMode="ByName"><VariableName>AssessedInfoRep</VariableName><ClassName>Information_Representation</ClassName><NameRef>L</NameRef><ExtIDRef>L</ExtIDRef></SimpleInstance><SimpleInstance matchingMode="ByName"><VariableName>Control</VariableName><ClassName>Control</ClassName><NameRef>B</NameRef><ExtIDRef>B</ExtIDRef></SimpleInstance><SimpleInstance matchingMode="ByName"><VariableName>Assessor</VariableName><ClassName>Individual_Actor</ClassName><NameRef>H</NameRef><ExtIDRef>H</ExtIDRef></SimpleInstance><SimpleInstance matchingMode="ByName"><VariableName>Finding</VariableName><ClassName>Control_Assessment_Finding</ClassName><NameRef>J</NameRef><ExtIDRef>J</ExtIDRef></SimpleInstance><SimpleInstance matchingMode="ByName"><VariableName>Comments</VariableName><ClassName>Commentary</ClassName><NameRef>K</NameRef><ExtIDRef>K</ExtIDRef></SimpleInstance><DerivedInstance matchingMode="ByName"><VariableName>Control2BPrel</VariableName><ClassName>CONTROL_TO_ELEMENT_RELATION</ClassName><DerivedName><DerivedValueRef preDelimiter="" postDelimiter="">B</DerivedValueRef><DerivedValueString> controlling </DerivedValueString><DerivedValueRef preDelimiter="" postDelimiter="">C</DerivedValueRef></DerivedName><DerivedExtID><DerivedValueRef preDelimiter="" postDelimiter="">B</DerivedValueRef><DerivedValueString> controlling </DerivedValueString><DerivedValueRef preDelimiter="" postDelimiter="">C</DerivedValueRef></DerivedExtID><InstanceSlot><SlotName>control_to_element_control</SlotName><InstanceSlotVar>Control</InstanceSlotVar><ConditionalRef>B</ConditionalRef></InstanceSlot><InstanceSlot><SlotName>control_to_element_ea_element</SlotName><InstanceSlotVar>AssessedBusProc</InstanceSlotVar><ConditionalRef>C</ConditionalRef></InstanceSlot></DerivedInstance><DerivedInstance matchingMode="ByName"><VariableName>BPAssessment</VariableName><ClassName>Control_Assessment</ClassName><DerivedName><DerivedValueRef preDelimiter="" postDelimiter="">B</DerivedValueRef><DerivedValueString> controlling </DerivedValueString><DerivedValueRef preDelimiter="" postDelimiter="">C</DerivedValueRef><DerivedValueString> - </DerivedValueString><DerivedValueRef preDelimiter="" postDelimiter="">I</DerivedValueRef></DerivedName><DerivedExtID><DerivedValueRef preDelimiter="" postDelimiter="">B</DerivedValueRef><DerivedValueString> controlling </DerivedValueString><DerivedValueRef preDelimiter="" postDelimiter="">C</DerivedValueRef><DerivedValueString> - </DerivedValueString><DerivedValueRef preDelimiter="" postDelimiter="">I</DerivedValueRef></DerivedExtID><InstanceSlot><SlotName>control_assessor</SlotName><InstanceSlotVar>Assessor</InstanceSlotVar><ConditionalRef>H</ConditionalRef></InstanceSlot><InstanceSlot><SlotName>assessment_finding</SlotName><InstanceSlotVar>Finding</InstanceSlotVar><ConditionalRef>J</ConditionalRef></InstanceSlot><InstanceSlot><SlotName>assessment_comments</SlotName><InstanceSlotVar>Comments</InstanceSlotVar><ConditionalRef>K</ConditionalRef></InstanceSlot><SimpleSlot><SlotName>assessment_date_iso_8601</SlotName><SlotValueRef>I</SlotValueRef></SimpleSlot><InstanceSlot><SlotName>control_assessed_element</SlotName><InstanceSlotVar>Control2BPrel</InstanceSlotVar><ConditionalRef>C</ConditionalRef><ConditionalRef>B</ConditionalRef></InstanceSlot><SimpleSlot><SlotName>description</SlotName><SlotValueRef>L</SlotValueRef></SimpleSlot></DerivedInstance><DerivedInstance matchingMode="ByName"><VariableName>Control2Apprel</VariableName><ClassName>CONTROL_TO_ELEMENT_RELATION</ClassName><DerivedName><DerivedValueRef preDelimiter="" postDelimiter="">B</DerivedValueRef><DerivedValueString> controlling </DerivedValueString><DerivedValueRef preDelimiter="" postDelimiter="">D</DerivedValueRef></DerivedName><DerivedExtID><DerivedValueRef preDelimiter="" postDelimiter="">B</DerivedValueRef><DerivedValueString> controlling </DerivedValueString><DerivedValueRef preDelimiter="" postDelimiter="">D</DerivedValueRef></DerivedExtID><InstanceSlot><SlotName>control_to_element_control</SlotName><InstanceSlotVar>Control</InstanceSlotVar><ConditionalRef>B</ConditionalRef></InstanceSlot><InstanceSlot><SlotName>control_to_element_ea_element</SlotName><InstanceSlotVar>AssessedApp</InstanceSlotVar><ConditionalRef>D</ConditionalRef></InstanceSlot></DerivedInstance><DerivedInstance matchingMode="ByName"><VariableName>AppAssessment</VariableName><ClassName>Control_Assessment</ClassName><DerivedName><DerivedValueRef preDelimiter="" postDelimiter="">B</DerivedValueRef><DerivedValueString> controlling </DerivedValueString><DerivedValueRef preDelimiter="" postDelimiter="">D</DerivedValueRef><DerivedValueString> - </DerivedValueString><DerivedValueRef preDelimiter="" postDelimiter="">I</DerivedValueRef></DerivedName><DerivedExtID><DerivedValueRef preDelimiter="" postDelimiter="">B</DerivedValueRef><DerivedValueString> controlling </DerivedValueString><DerivedValueRef preDelimiter="" postDelimiter="">D</DerivedValueRef><DerivedValueString> - </DerivedValueString><DerivedValueRef preDelimiter="" postDelimiter="">I</DerivedValueRef></DerivedExtID><InstanceSlot><SlotName>control_assessor</SlotName><InstanceSlotVar>Assessor</InstanceSlotVar><ConditionalRef>H</ConditionalRef></InstanceSlot><InstanceSlot><SlotName>assessment_finding</SlotName><InstanceSlotVar>Finding</InstanceSlotVar><ConditionalRef>J</ConditionalRef></InstanceSlot><InstanceSlot><SlotName>assessment_comments</SlotName><InstanceSlotVar>Comments</InstanceSlotVar><ConditionalRef>K</ConditionalRef></InstanceSlot><SimpleSlot><SlotName>assessment_date_iso_8601</SlotName><SlotValueRef>I</SlotValueRef></SimpleSlot><InstanceSlot><SlotName>control_assessed_element</SlotName><InstanceSlotVar>Control2Apprel</InstanceSlotVar><ConditionalRef>B</ConditionalRef><ConditionalRef>D</ConditionalRef></InstanceSlot><SimpleSlot><SlotName>description</SlotName><SlotValueRef>L</SlotValueRef></SimpleSlot></DerivedInstance><DerivedInstance matchingMode="ByName"><VariableName>Control2AppModrel</VariableName><ClassName>CONTROL_TO_ELEMENT_RELATION</ClassName><DerivedName><DerivedValueRef preDelimiter="" postDelimiter="">B</DerivedValueRef><DerivedValueString> controlling </DerivedValueString><DerivedValueRef preDelimiter="" postDelimiter="">E</DerivedValueRef></DerivedName><DerivedExtID><DerivedValueRef preDelimiter="" postDelimiter="">B</DerivedValueRef><DerivedValueString> controlling </DerivedValueString><DerivedValueRef preDelimiter="" postDelimiter="">E</DerivedValueRef></DerivedExtID><InstanceSlot><SlotName>control_to_element_control</SlotName><InstanceSlotVar>Control</InstanceSlotVar><ConditionalRef>B</ConditionalRef></InstanceSlot><InstanceSlot><SlotName>control_to_element_ea_element</SlotName><InstanceSlotVar>AssessedAppMod</InstanceSlotVar><ConditionalRef>E</ConditionalRef></InstanceSlot></DerivedInstance><DerivedInstance matchingMode="ByName"><VariableName>AppModAssessment</VariableName><ClassName>Control_Assessment</ClassName><DerivedName><DerivedValueRef preDelimiter="" postDelimiter="">B</DerivedValueRef><DerivedValueString> controlling </DerivedValueString><DerivedValueRef preDelimiter="" postDelimiter="">E</DerivedValueRef><DerivedValueString> - </DerivedValueString><DerivedValueRef preDelimiter="" postDelimiter="">I</DerivedValueRef></DerivedName><DerivedExtID><DerivedValueRef preDelimiter="" postDelimiter="">B</DerivedValueRef><DerivedValueString> controlling </DerivedValueString><DerivedValueRef preDelimiter="" postDelimiter="">E</DerivedValueRef><DerivedValueString> - </DerivedValueString><DerivedValueRef preDelimiter="" postDelimiter="">I</DerivedValueRef></DerivedExtID><InstanceSlot><SlotName>control_assessor</SlotName><InstanceSlotVar>Assessor</InstanceSlotVar><ConditionalRef>H</ConditionalRef></InstanceSlot><InstanceSlot><SlotName>assessment_finding</SlotName><InstanceSlotVar>Finding</InstanceSlotVar><ConditionalRef>J</ConditionalRef></InstanceSlot><InstanceSlot><SlotName>assessment_comments</SlotName><InstanceSlotVar>Comments</InstanceSlotVar><ConditionalRef>K</ConditionalRef></InstanceSlot><SimpleSlot><SlotName>assessment_date_iso_8601</SlotName><SlotValueRef>I</SlotValueRef></SimpleSlot><InstanceSlot><SlotName>control_assessed_element</SlotName><InstanceSlotVar>Control2AppModrel</InstanceSlotVar><ConditionalRef>B</ConditionalRef><ConditionalRef>E</ConditionalRef></InstanceSlot><SimpleSlot><SlotName>description</SlotName><SlotValueRef>L</SlotValueRef></SimpleSlot></DerivedInstance><DerivedInstance matchingMode="ByName"><VariableName>Control2AppIntrel</VariableName><ClassName>CONTROL_TO_ELEMENT_RELATION</ClassName><DerivedName><DerivedValueRef preDelimiter="" postDelimiter="">B</DerivedValueRef><DerivedValueString> controlling </DerivedValueString><DerivedValueRef preDelimiter="" postDelimiter="">F</DerivedValueRef></DerivedName><DerivedExtID><DerivedValueRef preDelimiter="" postDelimiter="">B</DerivedValueRef><DerivedValueString> controlling </DerivedValueString><DerivedValueRef preDelimiter="" postDelimiter="">F</DerivedValueRef></DerivedExtID><InstanceSlot><SlotName>control_to_element_control</SlotName><InstanceSlotVar>Control</InstanceSlotVar><ConditionalRef>B</ConditionalRef></InstanceSlot><InstanceSlot><SlotName>control_to_element_ea_element</SlotName><InstanceSlotVar>AssessedAppInt</InstanceSlotVar><ConditionalRef>F</ConditionalRef></InstanceSlot></DerivedInstance><DerivedInstance matchingMode="ByName"><VariableName>AppIntAssessment</VariableName><ClassName>Control_Assessment</ClassName><DerivedName><DerivedValueRef preDelimiter="" postDelimiter="">B</DerivedValueRef><DerivedValueString> controlling </DerivedValueString><DerivedValueRef preDelimiter="" postDelimiter="">F</DerivedValueRef><DerivedValueString> - </DerivedValueString><DerivedValueRef preDelimiter="" postDelimiter="">I</DerivedValueRef></DerivedName><DerivedExtID><DerivedValueRef preDelimiter="" postDelimiter="">B</DerivedValueRef><DerivedValueString> controlling </DerivedValueString><DerivedValueRef preDelimiter="" postDelimiter="">F</DerivedValueRef><DerivedValueString> - </DerivedValueString><DerivedValueRef preDelimiter="" postDelimiter="">I</DerivedValueRef></DerivedExtID><InstanceSlot><SlotName>control_assessor</SlotName><InstanceSlotVar>Assessor</InstanceSlotVar><ConditionalRef>H</ConditionalRef></InstanceSlot><InstanceSlot><SlotName>assessment_finding</SlotName><InstanceSlotVar>Finding</InstanceSlotVar><ConditionalRef>J</ConditionalRef></InstanceSlot><InstanceSlot><SlotName>assessment_comments</SlotName><InstanceSlotVar>Comments</InstanceSlotVar><ConditionalRef>K</ConditionalRef></InstanceSlot><SimpleSlot><SlotName>assessment_date_iso_8601</SlotName><SlotValueRef>I</SlotValueRef></SimpleSlot><InstanceSlot><SlotName>control_assessed_element</SlotName><InstanceSlotVar>Control2AppIntrel</InstanceSlotVar><ConditionalRef>F</ConditionalRef><ConditionalRef>B</ConditionalRef></InstanceSlot><SimpleSlot><SlotName>description</SlotName><SlotValueRef>L</SlotValueRef></SimpleSlot></DerivedInstance><DerivedInstance matchingMode="ByName"><VariableName>Control2TPrel</VariableName><ClassName>CONTROL_TO_ELEMENT_RELATION</ClassName><DerivedName><DerivedValueRef preDelimiter="" postDelimiter="">B</DerivedValueRef><DerivedValueString> controlling </DerivedValueString><DerivedValueRef preDelimiter="" postDelimiter="">G</DerivedValueRef></DerivedName><DerivedExtID><DerivedValueRef preDelimiter="" postDelimiter="">B</DerivedValueRef><DerivedValueString> controlling </DerivedValueString><DerivedValueRef preDelimiter="" postDelimiter="">G</DerivedValueRef></DerivedExtID><InstanceSlot><SlotName>control_to_element_control</SlotName><InstanceSlotVar>Control</InstanceSlotVar><ConditionalRef>B</ConditionalRef></InstanceSlot><InstanceSlot><SlotName>control_to_element_ea_element</SlotName><InstanceSlotVar>AssessedTechProd</InstanceSlotVar><ConditionalRef>G</ConditionalRef></InstanceSlot></DerivedInstance><DerivedInstance matchingMode="ByName"><VariableName>TPAssessment</VariableName><ClassName>Control_Assessment</ClassName><DerivedName><DerivedValueRef preDelimiter="" postDelimiter="">B</DerivedValueRef><DerivedValueString> controlling </DerivedValueString><DerivedValueRef preDelimiter="" postDelimiter="">G</DerivedValueRef><DerivedValueString> - </DerivedValueString><DerivedValueRef preDelimiter="" postDelimiter="">I</DerivedValueRef></DerivedName><DerivedExtID><DerivedValueRef preDelimiter="" postDelimiter="">B</DerivedValueRef><DerivedValueString> controlling </DerivedValueString><DerivedValueRef preDelimiter="" postDelimiter="">G</DerivedValueRef><DerivedValueString> - </DerivedValueString><DerivedValueRef preDelimiter="" postDelimiter="">I</DerivedValueRef></DerivedExtID><InstanceSlot><SlotName>control_assessor</SlotName><InstanceSlotVar>Assessor</InstanceSlotVar><ConditionalRef>H</ConditionalRef></InstanceSlot><InstanceSlot><SlotName>assessment_finding</SlotName><InstanceSlotVar>Finding</InstanceSlotVar><ConditionalRef>J</ConditionalRef></InstanceSlot><InstanceSlot><SlotName>assessment_comments</SlotName><InstanceSlotVar>Comments</InstanceSlotVar><ConditionalRef>K</ConditionalRef></InstanceSlot><SimpleSlot><SlotName>assessment_date_iso_8601</SlotName><SlotValueRef>I</SlotValueRef></SimpleSlot><InstanceSlot><SlotName>control_assessed_element</SlotName><InstanceSlotVar>Control2TPrel</InstanceSlotVar><ConditionalRef>G</ConditionalRef><ConditionalRef>B</ConditionalRef></InstanceSlot><SimpleSlot><SlotName>description</SlotName><SlotValueRef>L</SlotValueRef></SimpleSlot></DerivedInstance></ns2:WorksheetImportSpec></ns2:SpreadsheetImportSpec>