<?xml version="1.0" encoding="UTF-8" standalone="yes"?><ns2:SpreadsheetImportSpec xmlns="http://www.enterprise-architecture.org/essential/importutility/common" xmlns:ns2="http://www.enterprise-architecture.org/essential/importutility/importspec" import_schema_version="1.0"><ns2:GlobalInstances/><ns2:WorksheetImportSpec firstRow="8" lastRow="110" name="Business Capabilities" imported="true"><SimpleInstance matchingMode="ByName"><VariableName>aParentBusCap</VariableName><ClassName>Business_Capability</ClassName><NameRef>E</NameRef><ExtIDRef>E</ExtIDRef></SimpleInstance><SimpleInstance matchingMode="ByName"><VariableName>BusDom</VariableName><ClassName>Business_Domain</ClassName><NameRef>I</NameRef><ExtIDRef>I</ExtIDRef></SimpleInstance><SimpleInstance matchingMode="ByName"><VariableName>RootBusCap</VariableName><ClassName>Business_Capability</ClassName><NameRef>H</NameRef><ExtIDRef>H</ExtIDRef></SimpleInstance><SimpleInstance matchingMode="ByName"><VariableName>BusCapOwnerOrg</VariableName><ClassName>Group_Actor</ClassName><NameRef>K</NameRef><ExtIDRef>K</ExtIDRef></SimpleInstance><DerivedInstance matchingMode="ByName"><VariableName>busCapOwnerRole</VariableName><ClassName>Group_Business_Role</ClassName><DerivedName><DerivedValueString>Business Capability Owner</DerivedValueString></DerivedName><DerivedExtID><DerivedValueString>Business Capability Owner</DerivedValueString></DerivedExtID></DerivedInstance><DerivedInstance matchingMode="ByName"><VariableName>BusCapOwner2Role</VariableName><ClassName>ACTOR_TO_ROLE_RELATION</ClassName><DerivedName><DerivedValueRef preDelimiter="" postDelimiter="">K</DerivedValueRef><DerivedValueString> as </DerivedValueString><DerivedValueString>Business Capability Owner</DerivedValueString></DerivedName><DerivedExtID><DerivedValueRef preDelimiter="" postDelimiter="">K</DerivedValueRef><DerivedValueString> as </DerivedValueString><DerivedValueString>Business Capability Owner</DerivedValueString></DerivedExtID><InstanceSlot><SlotName>act_to_role_from_actor</SlotName><InstanceSlotVar>BusCapOwnerOrg</InstanceSlotVar><ConditionalRef>K</ConditionalRef></InstanceSlot><InstanceSlot><SlotName>act_to_role_to_role</SlotName><InstanceSlotVar>busCapOwnerRole</InstanceSlotVar><ConditionalRef>K</ConditionalRef></InstanceSlot></DerivedInstance><SimpleInstance matchingMode="ByID"><VariableName>aBusCap</VariableName><ClassName>Business_Capability</ClassName><NameRef>C</NameRef><ExtIDRef>B</ExtIDRef><SimpleSlot><SlotName>description</SlotName><SlotValueRef>D</SlotValueRef></SimpleSlot><InstanceSlot><SlotName>belongs_to_business_domain</SlotName><InstanceSlotVar>BusDom</InstanceSlotVar><ConditionalRef>I</ConditionalRef></InstanceSlot><InstanceSlot><SlotName>supports_business_capabilities</SlotName><InstanceSlotVar>aParentBusCap</InstanceSlotVar><ConditionalRef>E</ConditionalRef></InstanceSlot><PrimitiveSlot><SlotName>business_capability_index</SlotName><SlotValueRef>G</SlotValueRef><PrimitiveSlotType>Integer</PrimitiveSlotType></PrimitiveSlot><SimpleSlot><SlotName>business_capability_level</SlotName><SlotValueRef>J</SlotValueRef></SimpleSlot><InstanceSlot><SlotName>stakeholders</SlotName><InstanceSlotVar>BusCapOwner2Role</InstanceSlotVar><ConditionalRef>K</ConditionalRef></InstanceSlot></SimpleInstance><SimpleInstance matchingMode="ByName"><VariableName>aChildCapRole</VariableName><ClassName>Business_Capability_Role</ClassName><NameRef>F</NameRef><ExtIDRef>F</ExtIDRef><SimpleSlot><SlotName>enumeration_value</SlotName><SlotValueRef>F</SlotValueRef></SimpleSlot></SimpleInstance><DerivedInstance matchingMode="ByName"><VariableName>ParentBusCapRel</VariableName><ClassName>BUSCAP_TO_PARENTBUSCAP_RELATION</ClassName><DerivedName><DerivedValueRef preDelimiter="" postDelimiter="">C</DerivedValueRef><DerivedValueString> supports </DerivedValueString><DerivedValueRef preDelimiter="" postDelimiter="">E</DerivedValueRef><DerivedValueString> as </DerivedValueString><DerivedValueRef preDelimiter="" postDelimiter="">F</DerivedValueRef></DerivedName><DerivedExtID><DerivedValueRef preDelimiter="" postDelimiter="">C</DerivedValueRef><DerivedValueString> supports </DerivedValueString><DerivedValueRef preDelimiter="" postDelimiter="">E</DerivedValueRef><DerivedValueString> as </DerivedValueString><DerivedValueRef preDelimiter="" postDelimiter="">F</DerivedValueRef></DerivedExtID><InstanceSlot><SlotName>buscap_to_parent_child_buscap</SlotName><InstanceSlotVar>aBusCap</InstanceSlotVar><ConditionalRef>C</ConditionalRef><ConditionalRef>F</ConditionalRef></InstanceSlot><InstanceSlot><SlotName>buscap_to_parent_parent_buscap</SlotName><InstanceSlotVar>aParentBusCap</InstanceSlotVar><ConditionalRef>E</ConditionalRef><ConditionalRef>F</ConditionalRef></InstanceSlot><InstanceSlot><SlotName>buscap_to_parent_role</SlotName><InstanceSlotVar>aChildCapRole</InstanceSlotVar><ConditionalRef>F</ConditionalRef></InstanceSlot></DerivedInstance><DerivedInstance matchingMode="ByName"><VariableName>ReportConstant</VariableName><ClassName>Report_Constant</ClassName><DerivedName><DerivedValueString>Root Business Capability</DerivedValueString></DerivedName><DerivedExtID><DerivedValueString>Root Business Capability</DerivedValueString></DerivedExtID><InstanceSlot><SlotName>report_constant_ea_elements</SlotName><InstanceSlotVar>RootBusCap</InstanceSlotVar><ConditionalRef>H</ConditionalRef></InstanceSlot></DerivedInstance></ns2:WorksheetImportSpec><ns2:WorksheetImportSpec firstRow="8" lastRow="180" name="Business Processes" imported="true"><SimpleInstance matchingMode="ByName"><VariableName>parentBusCap1</VariableName><ClassName>Business_Capability</ClassName><NameRef>E</NameRef><ExtIDRef>E</ExtIDRef></SimpleInstance><SimpleInstance matchingMode="ByID"><VariableName>aBusProc</VariableName><ClassName>Business_Process</ClassName><NameRef>C</NameRef><ExtIDRef>B</ExtIDRef><SimpleSlot><SlotName>description</SlotName><SlotValueRef>D</SlotValueRef></SimpleSlot><InstanceSlot><SlotName>realises_business_capability</SlotName><InstanceSlotVar>parentBusCap1</InstanceSlotVar><ConditionalRef>E</ConditionalRef></InstanceSlot></SimpleInstance></ns2:WorksheetImportSpec><ns2:WorksheetImportSpec firstRow="8" lastRow="60" name="Organisations" imported="true"><SimpleInstance matchingMode="ByName"><VariableName>parentActor</VariableName><ClassName>Group_Actor</ClassName><NameRef>E</NameRef><ExtIDRef>E</ExtIDRef></SimpleInstance><SimpleInstance matchingMode="ByID"><VariableName>groupActor</VariableName><ClassName>Group_Actor</ClassName><NameRef>C</NameRef><ExtIDRef>B</ExtIDRef><SimpleSlot><SlotName>description</SlotName><SlotValueRef>D</SlotValueRef></SimpleSlot><InstanceSlot><SlotName>is_member_of_actor</SlotName><InstanceSlotVar>parentActor</InstanceSlotVar><ConditionalRef>E</ConditionalRef></InstanceSlot><PrimitiveSlot><SlotName>external_to_enterprise</SlotName><SlotValueRef>F</SlotValueRef><PrimitiveSlotType>Boolean</PrimitiveSlotType></PrimitiveSlot></SimpleInstance><SimpleInstance matchingMode="ByName"><VariableName>rootOrg</VariableName><ClassName>Group_Actor</ClassName><NameRef>G</NameRef><ExtIDRef>G</ExtIDRef></SimpleInstance><DerivedInstance matchingMode="ByName"><VariableName>rootOrgReportConstant</VariableName><ClassName>Report_Constant</ClassName><DerivedName><DerivedValueString>Org Model - Root Organisation</DerivedValueString></DerivedName><DerivedExtID><DerivedValueString>Org Model - Root Organisation</DerivedValueString></DerivedExtID><InstanceSlot><SlotName>report_constant_ea_elements</SlotName><InstanceSlotVar>rootOrg</InstanceSlotVar><ConditionalRef>G</ConditionalRef></InstanceSlot></DerivedInstance></ns2:WorksheetImportSpec><ns2:WorksheetImportSpec firstRow="8" lastRow="280" name="Application Services" imported="true"><SimpleInstance matchingMode="ByName"><VariableName>anAppSvc</VariableName><ClassName>Application_Service</ClassName><NameRef>C</NameRef><ExtIDRef>B</ExtIDRef><SimpleSlot><SlotName>description</SlotName><SlotValueRef>D</SlotValueRef></SimpleSlot></SimpleInstance></ns2:WorksheetImportSpec><ns2:WorksheetImportSpec firstRow="8" lastRow="500" name="Applications" imported="true"><SimpleInstance matchingMode="ByName"><VariableName>AppType</VariableName><ClassName>Codebase_Status</ClassName><NameRef>E</NameRef><ExtIDRef>E</ExtIDRef></SimpleInstance><SimpleInstance matchingMode="ByName"><VariableName>LifecycleStatus</VariableName><ClassName>Lifecycle_Status</ClassName><NameRef>F</NameRef><ExtIDRef>F</ExtIDRef></SimpleInstance><DerivedInstance matchingMode="ByName"><VariableName>AppPurpose</VariableName><ClassName>Application_Purpose</ClassName><DerivedName><DerivedValueString>Business System Application</DerivedValueString></DerivedName><DerivedExtID><DerivedValueString>Business System Application</DerivedValueString></DerivedExtID><DerivedSimpleSlot><SlotName>enumeration_value</SlotName><DerivedSlotValue><DerivedValueString>Business Application</DerivedValueString></DerivedSlotValue></DerivedSimpleSlot></DerivedInstance><SimpleInstance matchingMode="ByName"><VariableName>appDeiveryModel</VariableName><ClassName>Application_Delivery_Model</ClassName><NameRef>G</NameRef><ExtIDRef>G</ExtIDRef></SimpleInstance><SimpleInstance matchingMode="ByName"><VariableName>supplier</VariableName><ClassName>Supplier</ClassName><NameRef>H</NameRef><ExtIDRef>H</ExtIDRef></SimpleInstance><SimpleInstance matchingMode="ByID"><VariableName>aCompApp</VariableName><ClassName>Composite_Application_Provider</ClassName><NameRef>C</NameRef><ExtIDRef>B</ExtIDRef><SimpleSlot><SlotName>description</SlotName><SlotValueRef>D</SlotValueRef></SimpleSlot><InstanceSlot><SlotName>ap_codebase_status</SlotName><InstanceSlotVar>AppType</InstanceSlotVar><ConditionalRef>E</ConditionalRef></InstanceSlot><InstanceSlot><SlotName>application_provider_purpose</SlotName><InstanceSlotVar>AppPurpose</InstanceSlotVar><ConditionalRef>C</ConditionalRef></InstanceSlot><InstanceSlot><SlotName>lifecycle_status_application_provider</SlotName><InstanceSlotVar>LifecycleStatus</InstanceSlotVar><ConditionalRef>F</ConditionalRef></InstanceSlot><InstanceSlot><SlotName>ap_delivery_model</SlotName><InstanceSlotVar>appDeiveryModel</InstanceSlotVar><ConditionalRef>G</ConditionalRef></InstanceSlot><InstanceSlot><SlotName>ap_supplier</SlotName><InstanceSlotVar>supplier</InstanceSlotVar><ConditionalRef>H</ConditionalRef></InstanceSlot></SimpleInstance></ns2:WorksheetImportSpec><ns2:WorksheetImportSpec firstRow="8" lastRow="50" name="App Service 2 App Capabilities" imported="false"><SimpleInstance matchingMode="ByName"><VariableName>appCap</VariableName><ClassName>Application_Capability</ClassName><NameRef>B</NameRef><ExtIDRef>B</ExtIDRef></SimpleInstance><SimpleInstance matchingMode="ByName"><VariableName>appSvc</VariableName><ClassName>Application_Service</ClassName><NameRef>C</NameRef><ExtIDRef>C</ExtIDRef><InstanceSlot><SlotName>realises_application_capabilities</SlotName><InstanceSlotVar>appCap</InstanceSlotVar><ConditionalRef>B</ConditionalRef></InstanceSlot></SimpleInstance></ns2:WorksheetImportSpec><ns2:WorksheetImportSpec firstRow="8" lastRow="25" name="Business Domains" imported="true"><SimpleInstance matchingMode="ByName"><VariableName>BusDom</VariableName><ClassName>Business_Domain</ClassName><NameRef>C</NameRef><ExtIDRef>B</ExtIDRef><SimpleSlot><SlotName>description</SlotName><SlotValueRef>D</SlotValueRef></SimpleSlot></SimpleInstance><SimpleInstance matchingMode="ByName"><VariableName>ParentBusDom</VariableName><ClassName>Business_Domain</ClassName><NameRef>E</NameRef><ExtIDRef>E</ExtIDRef><InstanceSlot><SlotName>contained_business_domains</SlotName><InstanceSlotVar>BusDom</InstanceSlotVar><ConditionalRef>C</ConditionalRef><ConditionalRef>E</ConditionalRef></InstanceSlot></SimpleInstance></ns2:WorksheetImportSpec><ns2:WorksheetImportSpec firstRow="8" lastRow="800" name="App Standards" imported="true"><SimpleInstance matchingMode="ByName"><VariableName>theApp</VariableName><ClassName>Composite_Application_Provider</ClassName><NameRef>B</NameRef><ExtIDRef>B</ExtIDRef></SimpleInstance><SimpleInstance matchingMode="ByName"><VariableName>theAppService</VariableName><ClassName>Application_Service</ClassName><NameRef>C</NameRef><ExtIDRef>C</ExtIDRef></SimpleInstance><DerivedInstance matchingMode="ByName"><VariableName>appProRole</VariableName><ClassName>Application_Provider_Role</ClassName><DerivedName><DerivedValueRef preDelimiter="" postDelimiter="">B</DerivedValueRef><DerivedValueString> as </DerivedValueString><DerivedValueRef preDelimiter="" postDelimiter="">C</DerivedValueRef></DerivedName><DerivedExtID><DerivedValueRef preDelimiter="" postDelimiter="">B</DerivedValueRef><DerivedValueString> as </DerivedValueString><DerivedValueRef preDelimiter="" postDelimiter="">C</DerivedValueRef></DerivedExtID><InstanceSlot><SlotName>role_for_application_provider</SlotName><InstanceSlotVar>theApp</InstanceSlotVar><ConditionalRef>B</ConditionalRef></InstanceSlot><InstanceSlot><SlotName>implementing_application_service</SlotName><InstanceSlotVar>theAppService</InstanceSlotVar><ConditionalRef>C</ConditionalRef></InstanceSlot></DerivedInstance><SimpleInstance matchingMode="ByName"><VariableName>stdStrength</VariableName><ClassName>Standard_Strength</ClassName><NameRef>D</NameRef><ExtIDRef>D</ExtIDRef></SimpleInstance><SimpleInstance matchingMode="ByName"><VariableName>orgScope1</VariableName><ClassName>Group_Actor</ClassName><NameRef>E</NameRef><ExtIDRef>E</ExtIDRef></SimpleInstance><SimpleInstance matchingMode="ByName"><VariableName>orgScope2</VariableName><ClassName>Group_Actor</ClassName><NameRef>F</NameRef><ExtIDRef>F</ExtIDRef></SimpleInstance><SimpleInstance matchingMode="ByName"><VariableName>orgScope3</VariableName><ClassName>Group_Actor</ClassName><NameRef>G</NameRef><ExtIDRef>G</ExtIDRef></SimpleInstance><SimpleInstance matchingMode="ByName"><VariableName>orgScope4</VariableName><ClassName>Group_Actor</ClassName><NameRef>H</NameRef><ExtIDRef>H</ExtIDRef></SimpleInstance><SimpleInstance matchingMode="ByName"><VariableName>orgScope5</VariableName><ClassName>Group_Actor</ClassName><NameRef>I</NameRef><ExtIDRef>I</ExtIDRef></SimpleInstance><SimpleInstance matchingMode="ByName"><VariableName>orgScope6</VariableName><ClassName>Group_Actor</ClassName><NameRef>J</NameRef><ExtIDRef>J</ExtIDRef></SimpleInstance><DerivedInstance matchingMode="ByName"><VariableName>appStandard</VariableName><ClassName>Application_Provider_Standard_Specification</ClassName><DerivedName><DerivedValueRef preDelimiter="" postDelimiter="">B</DerivedValueRef><DerivedValueString> as </DerivedValueString><DerivedValueRef preDelimiter="" postDelimiter="">C</DerivedValueRef><DerivedValueString> is </DerivedValueString><DerivedValueRef preDelimiter="" postDelimiter="">D</DerivedValueRef></DerivedName><DerivedExtID><DerivedValueRef preDelimiter="" postDelimiter="">B</DerivedValueRef><DerivedValueString> as </DerivedValueString><DerivedValueRef preDelimiter="" postDelimiter="">C</DerivedValueRef><DerivedValueString> is </DerivedValueString><DerivedValueRef preDelimiter="" postDelimiter="">D</DerivedValueRef></DerivedExtID><InstanceSlot><SlotName>aps_standard_app_provider_role</SlotName><InstanceSlotVar>appProRole</InstanceSlotVar><ConditionalRef>B</ConditionalRef><ConditionalRef>C</ConditionalRef></InstanceSlot><InstanceSlot><SlotName>sm_standard_strength</SlotName><InstanceSlotVar>stdStrength</InstanceSlotVar><ConditionalRef>D</ConditionalRef></InstanceSlot><InstanceSlot><SlotName>sm_organisational_scope</SlotName><InstanceSlotVar>orgScope1</InstanceSlotVar><ConditionalRef>E</ConditionalRef></InstanceSlot><InstanceSlot><SlotName>sm_organisational_scope</SlotName><InstanceSlotVar>orgScope2</InstanceSlotVar><ConditionalRef>F</ConditionalRef></InstanceSlot><InstanceSlot><SlotName>sm_organisational_scope</SlotName><InstanceSlotVar>orgScope3</InstanceSlotVar><ConditionalRef>G</ConditionalRef></InstanceSlot><InstanceSlot><SlotName>sm_organisational_scope</SlotName><InstanceSlotVar>orgScope4</InstanceSlotVar><ConditionalRef>H</ConditionalRef></InstanceSlot><InstanceSlot><SlotName>sm_organisational_scope</SlotName><InstanceSlotVar>orgScope5</InstanceSlotVar><ConditionalRef>I</ConditionalRef></InstanceSlot><InstanceSlot><SlotName>sm_organisational_scope</SlotName><InstanceSlotVar>orgScope6</InstanceSlotVar><ConditionalRef>J</ConditionalRef></InstanceSlot></DerivedInstance></ns2:WorksheetImportSpec><ns2:WorksheetImportSpec firstRow="8" lastRow="30" name="Technology Domains" imported="false"><DerivedInstance matchingMode="ByName"><VariableName>refModelTax</VariableName><ClassName>Taxonomy</ClassName><DerivedName><DerivedValueString>Reference Model Layout</DerivedValueString></DerivedName><DerivedExtID><DerivedValueString>Reference Model Layout</DerivedValueString></DerivedExtID></DerivedInstance><SimpleInstance matchingMode="ByName"><VariableName>refModelLayer</VariableName><ClassName>Taxonomy_Term</ClassName><NameRef>F</NameRef><ExtIDRef>F</ExtIDRef><InstanceSlot><SlotName>term_in_taxonomy</SlotName><InstanceSlotVar>refModelTax</InstanceSlotVar></InstanceSlot><SimpleSlot><SlotName>taxonomy_term_label</SlotName><SlotValueRef>E</SlotValueRef></SimpleSlot></SimpleInstance><SimpleInstance matchingMode="ByID"><VariableName>techDomain</VariableName><ClassName>Technology_Domain</ClassName><NameRef>C</NameRef><ExtIDRef>B</ExtIDRef><SimpleSlot><SlotName>description</SlotName><SlotValueRef>D</SlotValueRef></SimpleSlot><InstanceSlot><SlotName>element_classified_by</SlotName><InstanceSlotVar>refModelLayer</InstanceSlotVar><ConditionalRef>F</ConditionalRef></InstanceSlot></SimpleInstance></ns2:WorksheetImportSpec><ns2:WorksheetImportSpec firstRow="8" lastRow="50" name="Technology Capablities" imported="false"><SimpleInstance matchingMode="ByName"><VariableName>parentTechDomain</VariableName><ClassName>Technology_Domain</ClassName><NameRef>E</NameRef><ExtIDRef>E</ExtIDRef></SimpleInstance><SimpleInstance matchingMode="ByID"><VariableName>aTechCap</VariableName><ClassName>Technology_Capability</ClassName><NameRef>C</NameRef><ExtIDRef>B</ExtIDRef><SimpleSlot><SlotName>description</SlotName><SlotValueRef>D</SlotValueRef></SimpleSlot><InstanceSlot><SlotName>belongs_to_technology_domain</SlotName><InstanceSlotVar>parentTechDomain</InstanceSlotVar><ConditionalRef>E</ConditionalRef></InstanceSlot></SimpleInstance></ns2:WorksheetImportSpec><ns2:WorksheetImportSpec firstRow="8" lastRow="471" name="Technology Components" imported="false"><SimpleInstance matchingMode="ByName"><VariableName>parentTechCap1</VariableName><ClassName>Technology_Capability</ClassName><NameRef>E</NameRef><ExtIDRef>E</ExtIDRef></SimpleInstance><SimpleInstance matchingMode="ByName"><VariableName>parentTechCap2</VariableName><ClassName>Technology_Capability</ClassName><NameRef>F</NameRef><ExtIDRef>F</ExtIDRef></SimpleInstance><SimpleInstance matchingMode="ByID"><VariableName>aTechComp</VariableName><ClassName>Technology_Component</ClassName><NameRef>C</NameRef><ExtIDRef>B</ExtIDRef><SimpleSlot><SlotName>description</SlotName><SlotValueRef>D</SlotValueRef></SimpleSlot><InstanceSlot><SlotName>realisation_of_technology_capability</SlotName><InstanceSlotVar>parentTechCap1</InstanceSlotVar><ConditionalRef>E</ConditionalRef></InstanceSlot><InstanceSlot><SlotName>realisation_of_technology_capability</SlotName><InstanceSlotVar>parentTechCap2</InstanceSlotVar><ConditionalRef>F</ConditionalRef></InstanceSlot></SimpleInstance></ns2:WorksheetImportSpec><ns2:WorksheetImportSpec firstRow="8" lastRow="20" name="Technology Suppliers" imported="false"><SimpleInstance matchingMode="ByID"><VariableName>techProdSupplier</VariableName><ClassName>Supplier</ClassName><NameRef>C</NameRef><ExtIDRef>B</ExtIDRef><SimpleSlot><SlotName>description</SlotName><SlotValueRef>D</SlotValueRef></SimpleSlot></SimpleInstance></ns2:WorksheetImportSpec><ns2:WorksheetImportSpec firstRow="8" lastRow="30" name="Technology Product Families" imported="false"><SimpleInstance matchingMode="ByID"><VariableName>theTechProdFamily</VariableName><ClassName>Technology_Product_Family</ClassName><NameRef>C</NameRef><ExtIDRef>B</ExtIDRef><SimpleSlot><SlotName>description</SlotName><SlotValueRef>D</SlotValueRef></SimpleSlot></SimpleInstance></ns2:WorksheetImportSpec><ns2:WorksheetImportSpec firstRow="8" lastRow="30" name="Technology Products" imported="false"><SimpleInstance matchingMode="ByName"><VariableName>techComp1</VariableName><ClassName>Technology_Component</ClassName><NameRef>I</NameRef><ExtIDRef>I</ExtIDRef></SimpleInstance><SimpleInstance matchingMode="ByName"><VariableName>techComp2</VariableName><ClassName>Technology_Component</ClassName><NameRef>L</NameRef><ExtIDRef>L</ExtIDRef></SimpleInstance><SimpleInstance matchingMode="ByName"><VariableName>techComp3</VariableName><ClassName>Technology_Component</ClassName><NameRef>O</NameRef><ExtIDRef>O</ExtIDRef></SimpleInstance><SimpleInstance matchingMode="ByName"><VariableName>techComp4</VariableName><ClassName>Technology_Component</ClassName><NameRef>R</NameRef><ExtIDRef>R</ExtIDRef></SimpleInstance><SimpleInstance matchingMode="ByName"><VariableName>aTechProdFamily</VariableName><ClassName>Technology_Product_Family</ClassName><NameRef>F</NameRef><ExtIDRef>F</ExtIDRef></SimpleInstance><SimpleInstance matchingMode="ByName"><VariableName>aTechProdSupplier</VariableName><ClassName>Supplier</ClassName><NameRef>D</NameRef><ExtIDRef>D</ExtIDRef></SimpleInstance><SimpleInstance matchingMode="ByName"><VariableName>aVendorLifecycleStatus</VariableName><ClassName>Vendor_Lifecycle_Status</ClassName><NameRef>G</NameRef><ExtIDRef>G</ExtIDRef></SimpleInstance><SimpleInstance matchingMode="ByName"><VariableName>techProdDeliveryModel</VariableName><ClassName>Technology_Delivery_Model</ClassName><NameRef>H</NameRef><ExtIDRef>H</ExtIDRef></SimpleInstance><SimpleInstance matchingMode="ByName"><VariableName>digiFoundationSubArea</VariableName><ClassName>Taxonomy_Term</ClassName><NameRef>U</NameRef><ExtIDRef>U</ExtIDRef></SimpleInstance><SimpleInstance matchingMode="ByID"><VariableName>theTechProd</VariableName><ClassName>Technology_Product</ClassName><NameRef>C</NameRef><ExtIDRef>B</ExtIDRef><SimpleSlot><SlotName>description</SlotName><SlotValueRef>E</SlotValueRef></SimpleSlot><InstanceSlot><SlotName>supplier_technology_product</SlotName><InstanceSlotVar>aTechProdSupplier</InstanceSlotVar><ConditionalRef>D</ConditionalRef></InstanceSlot><InstanceSlot><SlotName>member_of_technology_product_families</SlotName><InstanceSlotVar>aTechProdFamily</InstanceSlotVar><ConditionalRef>F</ConditionalRef></InstanceSlot><InstanceSlot><SlotName>vendor_product_lifecycle_status</SlotName><InstanceSlotVar>aVendorLifecycleStatus</InstanceSlotVar><ConditionalRef>G</ConditionalRef></InstanceSlot><InstanceSlot><SlotName>technology_provider_delivery_model</SlotName><InstanceSlotVar>techProdDeliveryModel</InstanceSlotVar><ConditionalRef>H</ConditionalRef></InstanceSlot><DerivedSimpleSlot><SlotName>product_label</SlotName><DerivedSlotValue><DerivedValueRef preDelimiter="" postDelimiter="">D</DerivedValueRef><DerivedValueString>::</DerivedValueString><DerivedValueRef preDelimiter="" postDelimiter="">C</DerivedValueRef></DerivedSlotValue></DerivedSimpleSlot><InstanceSlot><SlotName>element_classified_by</SlotName><InstanceSlotVar>digiFoundationSubArea</InstanceSlotVar><ConditionalRef>U</ConditionalRef></InstanceSlot></SimpleInstance><SimpleInstance matchingMode="ByName"><VariableName>techProdLifecycle1</VariableName><ClassName>Lifecycle_Status</ClassName><NameRef>K</NameRef><ExtIDRef>K</ExtIDRef></SimpleInstance><DerivedInstance matchingMode="ByName"><VariableName>techProdRole1</VariableName><ClassName>Technology_Product_Role</ClassName><DerivedName><DerivedValueRef preDelimiter="" postDelimiter="">C</DerivedValueRef><DerivedValueString>::as::</DerivedValueString><DerivedValueRef preDelimiter="" postDelimiter="">I</DerivedValueRef></DerivedName><DerivedExtID><DerivedValueRef preDelimiter="" postDelimiter="">C</DerivedValueRef><DerivedValueString>::as::</DerivedValueString><DerivedValueRef preDelimiter="" postDelimiter="">I</DerivedValueRef></DerivedExtID><InstanceSlot><SlotName>role_for_technology_provider</SlotName><InstanceSlotVar>theTechProd</InstanceSlotVar><ConditionalRef>B</ConditionalRef><ConditionalRef>C</ConditionalRef></InstanceSlot><InstanceSlot><SlotName>implementing_technology_component</SlotName><InstanceSlotVar>techComp1</InstanceSlotVar><ConditionalRef>I</ConditionalRef></InstanceSlot><InstanceSlot><SlotName>strategic_lifecycle_status</SlotName><InstanceSlotVar>techProdLifecycle1</InstanceSlotVar><ConditionalRef>K</ConditionalRef></InstanceSlot></DerivedInstance><SimpleInstance matchingMode="ByName"><VariableName>techProdRole1StandardStrength</VariableName><ClassName>Standard_Strength</ClassName><NameRef>J</NameRef><ExtIDRef>J</ExtIDRef></SimpleInstance><DerivedInstance matchingMode="ByName"><VariableName>techProdRole1Standard</VariableName><ClassName>Technology_Provider_Standard_Specification</ClassName><DerivedName><DerivedValueRef preDelimiter="" postDelimiter="">C</DerivedValueRef><DerivedValueString>::as::</DerivedValueString><DerivedValueRef preDelimiter="" postDelimiter="">I</DerivedValueRef><DerivedValueString> Standard as </DerivedValueString><DerivedValueRef preDelimiter="" postDelimiter="">J</DerivedValueRef></DerivedName><DerivedExtID><DerivedValueRef preDelimiter="" postDelimiter="">C</DerivedValueRef><DerivedValueString>::as::</DerivedValueString><DerivedValueRef preDelimiter="" postDelimiter="">I</DerivedValueRef><DerivedValueString> Standard as </DerivedValueString><DerivedValueRef preDelimiter="" postDelimiter="">J</DerivedValueRef></DerivedExtID><InstanceSlot><SlotName>tps_standard_tech_provider_role</SlotName><InstanceSlotVar>techProdRole1</InstanceSlotVar><ConditionalRef>C</ConditionalRef><ConditionalRef>I</ConditionalRef></InstanceSlot><InstanceSlot><SlotName>sm_standard_strength</SlotName><InstanceSlotVar>techProdRole1StandardStrength</InstanceSlotVar><ConditionalRef>J</ConditionalRef></InstanceSlot></DerivedInstance><SimpleInstance matchingMode="ByName"><VariableName>techProdLifecycle2</VariableName><ClassName>Lifecycle_Status</ClassName><NameRef>N</NameRef><ExtIDRef>N</ExtIDRef></SimpleInstance><DerivedInstance matchingMode="ByName"><VariableName>techProdRole2</VariableName><ClassName>Technology_Product_Role</ClassName><DerivedName><DerivedValueRef preDelimiter="" postDelimiter="">C</DerivedValueRef><DerivedValueString>::as::</DerivedValueString><DerivedValueRef preDelimiter="" postDelimiter="">L</DerivedValueRef></DerivedName><DerivedExtID><DerivedValueRef preDelimiter="" postDelimiter="">C</DerivedValueRef><DerivedValueString>::as::</DerivedValueString><DerivedValueRef preDelimiter="" postDelimiter="">L</DerivedValueRef></DerivedExtID><InstanceSlot><SlotName>role_for_technology_provider</SlotName><InstanceSlotVar>theTechProd</InstanceSlotVar><ConditionalRef>B</ConditionalRef><ConditionalRef>C</ConditionalRef></InstanceSlot><InstanceSlot><SlotName>implementing_technology_component</SlotName><InstanceSlotVar>techComp2</InstanceSlotVar><ConditionalRef>L</ConditionalRef></InstanceSlot><InstanceSlot><SlotName>strategic_lifecycle_status</SlotName><InstanceSlotVar>techProdLifecycle2</InstanceSlotVar><ConditionalRef>N</ConditionalRef></InstanceSlot></DerivedInstance><SimpleInstance matchingMode="ByName"><VariableName>techProdRole2StandardStrength</VariableName><ClassName>Standard_Strength</ClassName><NameRef>M</NameRef><ExtIDRef>M</ExtIDRef></SimpleInstance><DerivedInstance matchingMode="ByName"><VariableName>techProdRole2Standard</VariableName><ClassName>Technology_Provider_Standard_Specification</ClassName><DerivedName><DerivedValueRef preDelimiter="" postDelimiter="">C</DerivedValueRef><DerivedValueString>::as::</DerivedValueString><DerivedValueRef preDelimiter="" postDelimiter="">L</DerivedValueRef><DerivedValueString> Standard as </DerivedValueString><DerivedValueRef preDelimiter="" postDelimiter="">M</DerivedValueRef></DerivedName><DerivedExtID><DerivedValueRef preDelimiter="" postDelimiter="">C</DerivedValueRef><DerivedValueString>::as::</DerivedValueString><DerivedValueRef preDelimiter="" postDelimiter="">J</DerivedValueRef><DerivedValueString> Standard as </DerivedValueString><DerivedValueRef preDelimiter="" postDelimiter="">N</DerivedValueRef></DerivedExtID><InstanceSlot><SlotName>tps_standard_tech_provider_role</SlotName><InstanceSlotVar>techProdRole2</InstanceSlotVar><ConditionalRef>C</ConditionalRef><ConditionalRef>L</ConditionalRef></InstanceSlot><InstanceSlot><SlotName>sm_standard_strength</SlotName><InstanceSlotVar>techProdRole2StandardStrength</InstanceSlotVar><ConditionalRef>M</ConditionalRef></InstanceSlot></DerivedInstance><SimpleInstance matchingMode="ByName"><VariableName>techProdLifecycle3</VariableName><ClassName>Lifecycle_Status</ClassName><NameRef>Q</NameRef><ExtIDRef>Q</ExtIDRef></SimpleInstance><DerivedInstance matchingMode="ByName"><VariableName>techProdRole3</VariableName><ClassName>Technology_Product_Role</ClassName><DerivedName><DerivedValueRef preDelimiter="" postDelimiter="">C</DerivedValueRef><DerivedValueString>::as::</DerivedValueString><DerivedValueRef preDelimiter="" postDelimiter="">O</DerivedValueRef></DerivedName><DerivedExtID><DerivedValueRef preDelimiter="" postDelimiter="">C</DerivedValueRef><DerivedValueString>::as::</DerivedValueString><DerivedValueRef preDelimiter="" postDelimiter="">O</DerivedValueRef></DerivedExtID><InstanceSlot><SlotName>role_for_technology_provider</SlotName><InstanceSlotVar>theTechProd</InstanceSlotVar><ConditionalRef>B</ConditionalRef><ConditionalRef>C</ConditionalRef></InstanceSlot><InstanceSlot><SlotName>implementing_technology_component</SlotName><InstanceSlotVar>techComp3</InstanceSlotVar><ConditionalRef>O</ConditionalRef></InstanceSlot><InstanceSlot><SlotName>strategic_lifecycle_status</SlotName><InstanceSlotVar>techProdLifecycle3</InstanceSlotVar><ConditionalRef>Q</ConditionalRef></InstanceSlot></DerivedInstance><SimpleInstance matchingMode="ByName"><VariableName>techProdRole3StandardStrength</VariableName><ClassName>Standard_Strength</ClassName><NameRef>P</NameRef><ExtIDRef>P</ExtIDRef></SimpleInstance><DerivedInstance matchingMode="ByName"><VariableName>techProdRole3Standard</VariableName><ClassName>Technology_Provider_Standard_Specification</ClassName><DerivedName><DerivedValueRef preDelimiter="" postDelimiter="">C</DerivedValueRef><DerivedValueString>::as::</DerivedValueString><DerivedValueRef preDelimiter="" postDelimiter="">O</DerivedValueRef><DerivedValueString> Standard as </DerivedValueString><DerivedValueRef preDelimiter="" postDelimiter="">P</DerivedValueRef></DerivedName><DerivedExtID><DerivedValueRef preDelimiter="" postDelimiter="">C</DerivedValueRef><DerivedValueString>::as::</DerivedValueString><DerivedValueRef preDelimiter="" postDelimiter="">O</DerivedValueRef><DerivedValueString> Standard as </DerivedValueString><DerivedValueRef preDelimiter="" postDelimiter="">P</DerivedValueRef></DerivedExtID><InstanceSlot><SlotName>tps_standard_tech_provider_role</SlotName><InstanceSlotVar>techProdRole3</InstanceSlotVar><ConditionalRef>C</ConditionalRef><ConditionalRef>O</ConditionalRef></InstanceSlot><InstanceSlot><SlotName>sm_standard_strength</SlotName><InstanceSlotVar>techProdRole3StandardStrength</InstanceSlotVar><ConditionalRef>P</ConditionalRef></InstanceSlot></DerivedInstance><SimpleInstance matchingMode="ByName"><VariableName>techProdLifecycle4</VariableName><ClassName>Lifecycle_Status</ClassName><NameRef>T</NameRef><ExtIDRef>T</ExtIDRef></SimpleInstance><DerivedInstance matchingMode="ByName"><VariableName>techProdRole4</VariableName><ClassName>Technology_Product_Role</ClassName><DerivedName><DerivedValueRef preDelimiter="" postDelimiter="">C</DerivedValueRef><DerivedValueString>::as::</DerivedValueString><DerivedValueRef preDelimiter="" postDelimiter="">R</DerivedValueRef></DerivedName><DerivedExtID><DerivedValueRef preDelimiter="" postDelimiter="">C</DerivedValueRef><DerivedValueString>::as::</DerivedValueString><DerivedValueRef preDelimiter="" postDelimiter="">R</DerivedValueRef></DerivedExtID><InstanceSlot><SlotName>role_for_technology_provider</SlotName><InstanceSlotVar>theTechProd</InstanceSlotVar><ConditionalRef>B</ConditionalRef><ConditionalRef>C</ConditionalRef></InstanceSlot><InstanceSlot><SlotName>implementing_technology_component</SlotName><InstanceSlotVar>techComp4</InstanceSlotVar><ConditionalRef>R</ConditionalRef></InstanceSlot><InstanceSlot><SlotName>strategic_lifecycle_status</SlotName><InstanceSlotVar>techProdLifecycle4</InstanceSlotVar><ConditionalRef>T</ConditionalRef></InstanceSlot></DerivedInstance><SimpleInstance matchingMode="ByName"><VariableName>techProdRole4StandardStrength</VariableName><ClassName>Standard_Strength</ClassName><NameRef>S</NameRef><ExtIDRef>S</ExtIDRef></SimpleInstance><DerivedInstance matchingMode="ByName"><VariableName>techProdRole4Standard</VariableName><ClassName>Technology_Provider_Standard_Specification</ClassName><DerivedName><DerivedValueRef preDelimiter="" postDelimiter="">C</DerivedValueRef><DerivedValueString>::as::</DerivedValueString><DerivedValueRef preDelimiter="" postDelimiter="">R</DerivedValueRef><DerivedValueString> Standard as </DerivedValueString><DerivedValueRef preDelimiter="" postDelimiter="">S</DerivedValueRef></DerivedName><DerivedExtID><DerivedValueRef preDelimiter="" postDelimiter="">C</DerivedValueRef><DerivedValueString>::as::</DerivedValueString><DerivedValueRef preDelimiter="" postDelimiter="">R</DerivedValueRef><DerivedValueString> Standard as </DerivedValueString><DerivedValueRef preDelimiter="" postDelimiter="">S</DerivedValueRef></DerivedExtID><InstanceSlot><SlotName>tps_standard_tech_provider_role</SlotName><InstanceSlotVar>techProdRole4</InstanceSlotVar><ConditionalRef>C</ConditionalRef><ConditionalRef>R</ConditionalRef></InstanceSlot><InstanceSlot><SlotName>sm_standard_strength</SlotName><InstanceSlotVar>techProdRole4StandardStrength</InstanceSlotVar><ConditionalRef>S</ConditionalRef></InstanceSlot></DerivedInstance></ns2:WorksheetImportSpec><ns2:WorksheetImportSpec firstRow="8" lastRow="50" name="Application Codebases" imported="false"><SimpleInstance matchingMode="ByName"><VariableName>language</VariableName><ClassName>Language</ClassName><NameRef>G</NameRef><ExtIDRef>G</ExtIDRef></SimpleInstance><SimpleInstance matchingMode="ByName"><VariableName>translation</VariableName><ClassName>Synonym</ClassName><NameRef>F</NameRef><ExtIDRef>F</ExtIDRef><InstanceSlot><SlotName>synonym_language</SlotName><InstanceSlotVar>language</InstanceSlotVar><ConditionalRef>G</ConditionalRef></InstanceSlot></SimpleInstance><SimpleInstance matchingMode="ByID"><VariableName>codebase</VariableName><ClassName>Codebase_Status</ClassName><NameRef>C</NameRef><ExtIDRef>B</ExtIDRef><PrimitiveSlot><SlotName>enumeration_score</SlotName><SlotValueRef>E</SlotValueRef><PrimitiveSlotType>Integer</PrimitiveSlotType></PrimitiveSlot><InstanceSlot><SlotName>synonyms</SlotName><InstanceSlotVar>translation</InstanceSlotVar><ConditionalRef>F</ConditionalRef></InstanceSlot></SimpleInstance><DerivedInstance matchingMode="ByName"><VariableName>elementStyling</VariableName><ClassName>Element_Style</ClassName><DerivedName><DerivedValueString>View Styling for </DerivedValueString><DerivedValueRef preDelimiter="" postDelimiter="">C</DerivedValueRef></DerivedName><DerivedExtID><DerivedValueString>View Styling for </DerivedValueString><DerivedValueRef preDelimiter="" postDelimiter="">C</DerivedValueRef></DerivedExtID><InstanceSlot><SlotName>style_for_elements</SlotName><InstanceSlotVar>codebase</InstanceSlotVar><ConditionalRef>B</ConditionalRef><ConditionalRef>C</ConditionalRef></InstanceSlot><SimpleSlot><SlotName>element_style_colour</SlotName><SlotValueRef>D</SlotValueRef></SimpleSlot></DerivedInstance></ns2:WorksheetImportSpec><ns2:WorksheetImportSpec firstRow="8" lastRow="30" name="Application Delivery Models" imported="false"><SimpleInstance matchingMode="ByName"><VariableName>language</VariableName><ClassName>Language</ClassName><NameRef>G</NameRef><ExtIDRef>G</ExtIDRef></SimpleInstance><SimpleInstance matchingMode="ByName"><VariableName>translation</VariableName><ClassName>Synonym</ClassName><NameRef>F</NameRef><ExtIDRef>F</ExtIDRef><InstanceSlot><SlotName>synonym_language</SlotName><InstanceSlotVar>language</InstanceSlotVar><ConditionalRef>G</ConditionalRef></InstanceSlot></SimpleInstance><SimpleInstance matchingMode="ByID"><VariableName>deliveryModel</VariableName><ClassName>Application_Delivery_Model</ClassName><NameRef>C</NameRef><ExtIDRef>B</ExtIDRef><PrimitiveSlot><SlotName>enumeration_score</SlotName><SlotValueRef>E</SlotValueRef><PrimitiveSlotType>Integer</PrimitiveSlotType></PrimitiveSlot><InstanceSlot><SlotName>synonyms</SlotName><InstanceSlotVar>translation</InstanceSlotVar><ConditionalRef>F</ConditionalRef></InstanceSlot></SimpleInstance><DerivedInstance matchingMode="ByName"><VariableName>elementStyling</VariableName><ClassName>Element_Style</ClassName><DerivedName><DerivedValueString>View Styling for </DerivedValueString><DerivedValueRef preDelimiter="" postDelimiter="">C</DerivedValueRef></DerivedName><DerivedExtID><DerivedValueString>View Styling for </DerivedValueString><DerivedValueRef preDelimiter="" postDelimiter="">C</DerivedValueRef></DerivedExtID><InstanceSlot><SlotName>style_for_elements</SlotName><InstanceSlotVar>deliveryModel</InstanceSlotVar><ConditionalRef>B</ConditionalRef><ConditionalRef>C</ConditionalRef></InstanceSlot><SimpleSlot><SlotName>element_style_colour</SlotName><SlotValueRef>D</SlotValueRef></SimpleSlot></DerivedInstance></ns2:WorksheetImportSpec><ns2:WorksheetImportSpec firstRow="8" lastRow="30" name="Technology Delivery Models" imported="false"><SimpleInstance matchingMode="ByName"><VariableName>language</VariableName><ClassName>Language</ClassName><NameRef>G</NameRef><ExtIDRef>G</ExtIDRef></SimpleInstance><SimpleInstance matchingMode="ByName"><VariableName>translation</VariableName><ClassName>Synonym</ClassName><NameRef>F</NameRef><ExtIDRef>F</ExtIDRef><InstanceSlot><SlotName>synonym_language</SlotName><InstanceSlotVar>language</InstanceSlotVar><ConditionalRef>G</ConditionalRef></InstanceSlot></SimpleInstance><SimpleInstance matchingMode="ByID"><VariableName>deliveryModel</VariableName><ClassName>Technology_Delivery_Model</ClassName><NameRef>C</NameRef><ExtIDRef>B</ExtIDRef><PrimitiveSlot><SlotName>enumeration_score</SlotName><SlotValueRef>E</SlotValueRef><PrimitiveSlotType>Integer</PrimitiveSlotType></PrimitiveSlot><InstanceSlot><SlotName>synonyms</SlotName><InstanceSlotVar>translation</InstanceSlotVar><ConditionalRef>F</ConditionalRef></InstanceSlot></SimpleInstance><DerivedInstance matchingMode="ByName"><VariableName>elementStyling</VariableName><ClassName>Element_Style</ClassName><DerivedName><DerivedValueString>View Styling for </DerivedValueString><DerivedValueRef preDelimiter="" postDelimiter="">C</DerivedValueRef></DerivedName><DerivedExtID><DerivedValueString>View Styling for </DerivedValueString><DerivedValueRef preDelimiter="" postDelimiter="">C</DerivedValueRef></DerivedExtID><InstanceSlot><SlotName>style_for_elements</SlotName><InstanceSlotVar>deliveryModel</InstanceSlotVar><ConditionalRef>B</ConditionalRef><ConditionalRef>C</ConditionalRef></InstanceSlot><SimpleSlot><SlotName>element_style_colour</SlotName><SlotValueRef>D</SlotValueRef></SimpleSlot></DerivedInstance></ns2:WorksheetImportSpec><ns2:WorksheetImportSpec firstRow="8" lastRow="30" name="Tech Vendor Release Statii" imported="false"><SimpleInstance matchingMode="ByName"><VariableName>language</VariableName><ClassName>Language</ClassName><NameRef>G</NameRef><ExtIDRef>G</ExtIDRef></SimpleInstance><SimpleInstance matchingMode="ByName"><VariableName>translation</VariableName><ClassName>Synonym</ClassName><NameRef>F</NameRef><ExtIDRef>F</ExtIDRef><InstanceSlot><SlotName>synonym_language</SlotName><InstanceSlotVar>language</InstanceSlotVar><ConditionalRef>G</ConditionalRef></InstanceSlot></SimpleInstance><SimpleInstance matchingMode="ByID"><VariableName>vendorReleaseStatus</VariableName><ClassName>Vendor_Lifecycle_Status</ClassName><NameRef>C</NameRef><ExtIDRef>B</ExtIDRef><PrimitiveSlot><SlotName>enumeration_score</SlotName><SlotValueRef>E</SlotValueRef><PrimitiveSlotType>Integer</PrimitiveSlotType></PrimitiveSlot><InstanceSlot><SlotName>synonyms</SlotName><InstanceSlotVar>translation</InstanceSlotVar><ConditionalRef>F</ConditionalRef></InstanceSlot></SimpleInstance><DerivedInstance matchingMode="ByName"><VariableName>elementStyling</VariableName><ClassName>Element_Style</ClassName><DerivedName><DerivedValueString>View Styling for </DerivedValueString><DerivedValueRef preDelimiter="" postDelimiter="">C</DerivedValueRef></DerivedName><DerivedExtID><DerivedValueString>View Styling for </DerivedValueString><DerivedValueRef preDelimiter="" postDelimiter="">C</DerivedValueRef></DerivedExtID><InstanceSlot><SlotName>style_for_elements</SlotName><InstanceSlotVar>vendorReleaseStatus</InstanceSlotVar><ConditionalRef>B</ConditionalRef><ConditionalRef>C</ConditionalRef></InstanceSlot><SimpleSlot><SlotName>element_style_colour</SlotName><SlotValueRef>D</SlotValueRef></SimpleSlot></DerivedInstance></ns2:WorksheetImportSpec><ns2:WorksheetImportSpec firstRow="8" lastRow="30" name="Standards Compliance Levels" imported="false"><SimpleInstance matchingMode="ByName"><VariableName>language</VariableName><ClassName>Language</ClassName><NameRef>K</NameRef><ExtIDRef>K</ExtIDRef></SimpleInstance><SimpleInstance matchingMode="ByName"><VariableName>translation</VariableName><ClassName>Synonym</ClassName><NameRef>I</NameRef><ExtIDRef>I</ExtIDRef><InstanceSlot><SlotName>synonym_language</SlotName><InstanceSlotVar>language</InstanceSlotVar><ConditionalRef>K</ConditionalRef></InstanceSlot><SimpleSlot><SlotName>description</SlotName><SlotValueRef>J</SlotValueRef></SimpleSlot></SimpleInstance><SimpleInstance matchingMode="ByID"><VariableName>standardComplianceLevel</VariableName><ClassName>Standard_Strength</ClassName><NameRef>C</NameRef><ExtIDRef>B</ExtIDRef><InstanceSlot><SlotName>synonyms</SlotName><InstanceSlotVar>translation</InstanceSlotVar><ConditionalRef>I</ConditionalRef></InstanceSlot><PrimitiveSlot><SlotName>enumeration_sequence_number</SlotName><SlotValueRef>E</SlotValueRef><PrimitiveSlotType>Integer</PrimitiveSlotType></PrimitiveSlot><SimpleSlot><SlotName>description</SlotName><SlotValueRef>D</SlotValueRef></SimpleSlot><SimpleSlot><SlotName>enumeration_value</SlotName><SlotValueRef>C</SlotValueRef></SimpleSlot><PrimitiveSlot><SlotName>enumeration_score</SlotName><SlotValueRef>H</SlotValueRef><PrimitiveSlotType>Integer</PrimitiveSlotType></PrimitiveSlot></SimpleInstance><DerivedInstance matchingMode="ByName"><VariableName>elementStyling</VariableName><ClassName>Element_Style</ClassName><DerivedName><DerivedValueString>View Styling for </DerivedValueString><DerivedValueRef preDelimiter="" postDelimiter="">C</DerivedValueRef></DerivedName><DerivedExtID><DerivedValueString>View Styling for </DerivedValueString><DerivedValueRef preDelimiter="" postDelimiter="">C</DerivedValueRef></DerivedExtID><InstanceSlot><SlotName>style_for_elements</SlotName><InstanceSlotVar>standardComplianceLevel</InstanceSlotVar><ConditionalRef>B</ConditionalRef><ConditionalRef>C</ConditionalRef></InstanceSlot><SimpleSlot><SlotName>element_style_colour</SlotName><SlotValueRef>F</SlotValueRef></SimpleSlot><SimpleSlot><SlotName>element_style_class</SlotName><SlotValueRef>G</SlotValueRef></SimpleSlot></DerivedInstance></ns2:WorksheetImportSpec><ns2:WorksheetImportSpec firstRow="8" lastRow="50" name="Business Process Family" imported="false"><SimpleInstance matchingMode="ByName"><VariableName>BusProc</VariableName><ClassName>Business_Process</ClassName><NameRef>E</NameRef><ExtIDRef>E</ExtIDRef></SimpleInstance><SimpleInstance matchingMode="ByID"><VariableName>BusProcFamily</VariableName><ClassName>Business_Process_Family</ClassName><NameRef>C</NameRef><ExtIDRef>B</ExtIDRef><SimpleSlot><SlotName>description</SlotName><SlotValueRef>D</SlotValueRef></SimpleSlot><InstanceSlot><SlotName>bpf_contained_business_process_types</SlotName><InstanceSlotVar>BusProc</InstanceSlotVar><ConditionalRef>E</ConditionalRef></InstanceSlot></SimpleInstance></ns2:WorksheetImportSpec><ns2:WorksheetImportSpec firstRow="8" lastRow="50" name="REF Bus Service Qualities" imported="false"><SimpleInstance matchingMode="ByName"><VariableName>aBusSvcQual</VariableName><ClassName>Business_Service_Quality</ClassName><NameRef>C</NameRef><ExtIDRef>B</ExtIDRef><SimpleSlot><SlotName>description</SlotName><SlotValueRef>D</SlotValueRef></SimpleSlot></SimpleInstance></ns2:WorksheetImportSpec><ns2:WorksheetImportSpec firstRow="8" lastRow="50" name="REF Bus Service Quality Values" imported="false"><DerivedInstance matchingMode="ByName"><VariableName>busSQ</VariableName><ClassName>Business_Service_Quality</ClassName><DerivedName><DerivedValueRef preDelimiter="" postDelimiter="">C</DerivedValueRef></DerivedName><DerivedExtID><DerivedValueRef preDelimiter="" postDelimiter="">C</DerivedValueRef></DerivedExtID></DerivedInstance><DerivedInstance matchingMode="ByName"><VariableName>busSvcQualValue</VariableName><ClassName>Business_Service_Quality_Value</ClassName><DerivedName><DerivedValueRef preDelimiter="" postDelimiter="">C</DerivedValueRef><DerivedValueString> - </DerivedValueString><DerivedValueRef preDelimiter="" postDelimiter="">D</DerivedValueRef></DerivedName><DerivedExtID><DerivedValueRef preDelimiter="" postDelimiter="">C</DerivedValueRef><DerivedValueString> - </DerivedValueString><DerivedValueRef preDelimiter="" postDelimiter="">D</DerivedValueRef></DerivedExtID><SimpleSlot><SlotName>service_quality_value_value</SlotName><SlotValueRef>D</SlotValueRef></SimpleSlot><SimpleSlot><SlotName>description</SlotName><SlotValueRef>E</SlotValueRef></SimpleSlot><PrimitiveSlot><SlotName>service_quality_value_score</SlotName><SlotValueRef>I</SlotValueRef><PrimitiveSlotType>Integer</PrimitiveSlotType></PrimitiveSlot><InstanceSlot><SlotName>usage_of_service_quality</SlotName><InstanceSlotVar>busSQ</InstanceSlotVar><ConditionalRef>C</ConditionalRef></InstanceSlot><PrimitiveSlot><SlotName>sqv_index</SlotName><SlotValueRef>F</SlotValueRef><PrimitiveSlotType>Integer</PrimitiveSlotType></PrimitiveSlot></DerivedInstance><DerivedInstance matchingMode="ByName"><VariableName>elementStyling</VariableName><ClassName>Element_Style</ClassName><DerivedName><DerivedValueString>View Styling for </DerivedValueString><DerivedValueRef preDelimiter="" postDelimiter="">C</DerivedValueRef><DerivedValueString> - </DerivedValueString><DerivedValueRef preDelimiter="" postDelimiter="">D</DerivedValueRef></DerivedName><DerivedExtID><DerivedValueString>View Styling for </DerivedValueString><DerivedValueRef preDelimiter="" postDelimiter="">C</DerivedValueRef><DerivedValueString> - </DerivedValueString><DerivedValueRef preDelimiter="" postDelimiter="">D</DerivedValueRef></DerivedExtID><InstanceSlot><SlotName>style_for_elements</SlotName><InstanceSlotVar>busSvcQualValue</InstanceSlotVar><ConditionalRef>B</ConditionalRef><ConditionalRef>C</ConditionalRef><ConditionalRef>D</ConditionalRef></InstanceSlot><SimpleSlot><SlotName>element_style_colour</SlotName><SlotValueRef>G</SlotValueRef></SimpleSlot><SimpleSlot><SlotName>element_style_class</SlotName><SlotValueRef>H</SlotValueRef></SimpleSlot></DerivedInstance></ns2:WorksheetImportSpec><ns2:WorksheetImportSpec firstRow="8" lastRow="50" name="Bus Proc Fitness" imported="false"><SimpleInstance matchingMode="ByName"><VariableName>busProc</VariableName><ClassName>Business_Process</ClassName><NameRef>B</NameRef><ExtIDRef>B</ExtIDRef></SimpleInstance><DerivedInstance matchingMode="ByName"><VariableName>procMaturityVal</VariableName><ClassName>Business_Service_Quality_Value</ClassName><DerivedName><DerivedValueRef preDelimiter="" postDelimiter="">D</DerivedValueRef></DerivedName><DerivedExtID><DerivedValueRef preDelimiter="" postDelimiter="">D</DerivedValueRef></DerivedExtID></DerivedInstance><DerivedInstance matchingMode="ByName"><VariableName>busCapMaturityMeasure</VariableName><ClassName>Business_Performance_Measure</ClassName><DerivedName><DerivedValueRef preDelimiter="" postDelimiter="">B</DerivedValueRef><DerivedValueString> Fitness Assessment - </DerivedValueString><DerivedValueRef preDelimiter="" postDelimiter="">C</DerivedValueRef></DerivedName><DerivedExtID><DerivedValueRef preDelimiter="" postDelimiter="">B</DerivedValueRef><DerivedValueString> Fitness Assessment - </DerivedValueString><DerivedValueRef preDelimiter="" postDelimiter="">C</DerivedValueRef></DerivedExtID><InstanceSlot><SlotName>pm_measured_element</SlotName><InstanceSlotVar>busProc</InstanceSlotVar><ConditionalRef>B</ConditionalRef></InstanceSlot><SimpleSlot><SlotName>pm_measure_date_iso_8601</SlotName><SlotValueRef>C</SlotValueRef></SimpleSlot><InstanceSlot><SlotName>pm_performance_value</SlotName><InstanceSlotVar>procMaturityVal</InstanceSlotVar><ConditionalRef>D</ConditionalRef></InstanceSlot></DerivedInstance></ns2:WorksheetImportSpec><ns2:WorksheetImportSpec firstRow="8" lastRow="20" name="Geographic Regions" imported="false"><SimpleInstance matchingMode="ByID"><VariableName>geoRegion</VariableName><ClassName>Geographic_Region</ClassName><NameRef>C</NameRef><ExtIDRef>B</ExtIDRef><SimpleSlot><SlotName>description</SlotName><SlotValueRef>D</SlotValueRef></SimpleSlot></SimpleInstance><SimpleInstance matchingMode="ByName"><VariableName>parentRegion</VariableName><ClassName>Geographic_Region</ClassName><NameRef>E</NameRef><ExtIDRef>E</ExtIDRef><InstanceSlot><SlotName>gr_contained_regions</SlotName><InstanceSlotVar>geoRegion</InstanceSlotVar><ConditionalRef>B</ConditionalRef><ConditionalRef>C</ConditionalRef></InstanceSlot></SimpleInstance></ns2:WorksheetImportSpec><ns2:WorksheetImportSpec firstRow="8" lastRow="195" name="Country 2 Region" imported="false"><SimpleInstance matchingMode="ByName"><VariableName>aCountry</VariableName><ClassName>Geographic_Region</ClassName><NameRef>B</NameRef><ExtIDRef>B</ExtIDRef></SimpleInstance><SimpleInstance matchingMode="ByName"><VariableName>countryParentRegion</VariableName><ClassName>Geographic_Region</ClassName><NameRef>C</NameRef><ExtIDRef>C</ExtIDRef><InstanceSlot><SlotName>gr_contained_regions</SlotName><InstanceSlotVar>aCountry</InstanceSlotVar><ConditionalRef>B</ConditionalRef></InstanceSlot></SimpleInstance></ns2:WorksheetImportSpec><ns2:WorksheetImportSpec firstRow="8" lastRow="14" name="Business Models" imported="true"><SimpleInstance matchingMode="ByName"><VariableName>aBusDomain</VariableName><ClassName>Business_Domain</ClassName><NameRef>E</NameRef><ExtIDRef>E</ExtIDRef></SimpleInstance><SimpleInstance matchingMode="ByID"><VariableName>busModel</VariableName><ClassName>Business_Model</ClassName><NameRef>C</NameRef><ExtIDRef>B</ExtIDRef><SimpleSlot><SlotName>description</SlotName><SlotValueRef>D</SlotValueRef></SimpleSlot><InstanceSlot><SlotName>bm_business_domain</SlotName><InstanceSlotVar>aBusDomain</InstanceSlotVar><ConditionalRef>E</ConditionalRef></InstanceSlot></SimpleInstance></ns2:WorksheetImportSpec><ns2:WorksheetImportSpec firstRow="8" lastRow="150" name="Business Model to Leaf Bus Caps" imported="true"><SimpleInstance matchingMode="ByName"><VariableName>busModel</VariableName><ClassName>Business_Model</ClassName><NameRef>B</NameRef><ExtIDRef>B</ExtIDRef></SimpleInstance><DerivedInstance matchingMode="ByName"><VariableName>busModelArch</VariableName><ClassName>Business_Model_Architecture</ClassName><DerivedName><DerivedValueRef preDelimiter="" postDelimiter="">B</DerivedValueRef><DerivedValueString> Architecture</DerivedValueString></DerivedName><DerivedExtID><DerivedValueRef preDelimiter="" postDelimiter="">B</DerivedValueRef><DerivedValueString> Architecture</DerivedValueString></DerivedExtID><InstanceSlot><SlotName>architecture_of_business_model</SlotName><InstanceSlotVar>busModel</InstanceSlotVar><ConditionalRef>B</ConditionalRef></InstanceSlot></DerivedInstance><SimpleInstance matchingMode="ByName"><VariableName>busCap</VariableName><ClassName>Business_Capability</ClassName><NameRef>C</NameRef><ExtIDRef>C</ExtIDRef></SimpleInstance><SimpleInstance matchingMode="ByName"><VariableName>busCapOpModel</VariableName><ClassName>Operating_Model_Category</ClassName><NameRef>D</NameRef><ExtIDRef>D</ExtIDRef></SimpleInstance><DerivedInstance matchingMode="ByName"><VariableName>busCapUsage</VariableName><ClassName>Business_Model_Business_Usage</ClassName><DerivedName><DerivedValueRef preDelimiter="" postDelimiter="">C</DerivedValueRef><DerivedValueString> in </DerivedValueString><DerivedValueRef preDelimiter="" postDelimiter="">B</DerivedValueRef><DerivedValueString> Architecture</DerivedValueString></DerivedName><DerivedExtID><DerivedValueRef preDelimiter="" postDelimiter="">C</DerivedValueRef><DerivedValueString> in </DerivedValueString><DerivedValueRef preDelimiter="" postDelimiter="">B</DerivedValueRef><DerivedValueString> Architecture</DerivedValueString></DerivedExtID><InstanceSlot><SlotName>used_in_business_model_architecture</SlotName><InstanceSlotVar>busModelArch</InstanceSlotVar><ConditionalRef>B</ConditionalRef></InstanceSlot><SimpleSlot><SlotName>business_model_architecture_type_label</SlotName><SlotValueRef>C</SlotValueRef></SimpleSlot><InstanceSlot><SlotName>bmat_operating_model_category</SlotName><InstanceSlotVar>busCapOpModel</InstanceSlotVar><ConditionalRef>D</ConditionalRef></InstanceSlot><InstanceSlot><SlotName>bmbu_used_business_capability</SlotName><InstanceSlotVar>busCap</InstanceSlotVar></InstanceSlot></DerivedInstance><SimpleInstance matchingMode="ByName"><VariableName>orgRole</VariableName><ClassName>Group_Business_Role</ClassName><NameRef>F</NameRef><ExtIDRef>F</ExtIDRef></SimpleInstance><SimpleInstance matchingMode="ByName"><VariableName>orgRoleOpModel</VariableName><ClassName>Operating_Model_Category</ClassName><NameRef>G</NameRef><ExtIDRef>G</ExtIDRef></SimpleInstance><DerivedInstance matchingMode="ByName"><VariableName>orgRoleUsage</VariableName><ClassName>Business_Model_Role_Usage</ClassName><DerivedName><DerivedValueRef preDelimiter="" postDelimiter="">F</DerivedValueRef><DerivedValueString> in </DerivedValueString><DerivedValueRef preDelimiter="" postDelimiter="">B</DerivedValueRef><DerivedValueString> Architecture</DerivedValueString></DerivedName><DerivedExtID><DerivedValueRef preDelimiter="" postDelimiter="">F</DerivedValueRef><DerivedValueString> in </DerivedValueString><DerivedValueRef preDelimiter="" postDelimiter="">B</DerivedValueRef><DerivedValueString> Architecture</DerivedValueString></DerivedExtID><InstanceSlot><SlotName>used_in_business_model_architecture</SlotName><InstanceSlotVar>busModelArch</InstanceSlotVar><ConditionalRef>B</ConditionalRef></InstanceSlot><SimpleSlot><SlotName>business_model_architecture_type_label</SlotName><SlotValueRef>F</SlotValueRef></SimpleSlot><SimpleSlot><SlotName>description</SlotName><SlotValueRef>H</SlotValueRef></SimpleSlot><InstanceSlot><SlotName>bmat_operating_model_category</SlotName><InstanceSlotVar>orgRoleOpModel</InstanceSlotVar></InstanceSlot><InstanceSlot><SlotName>bmtu_used_role</SlotName><InstanceSlotVar>orgRole</InstanceSlotVar><ConditionalRef>F</ConditionalRef></InstanceSlot></DerivedInstance><SimpleInstance matchingMode="ByName"><VariableName>compAppSvc</VariableName><ClassName>Composite_Application_Service</ClassName><NameRef>I</NameRef><ExtIDRef>I</ExtIDRef></SimpleInstance><SimpleInstance matchingMode="ByName"><VariableName>compAppSvcOpModel</VariableName><ClassName>Operating_Model_Category</ClassName><NameRef>K</NameRef><ExtIDRef>K</ExtIDRef></SimpleInstance><DerivedInstance matchingMode="ByName"><VariableName>compAppSvcUsage</VariableName><ClassName>Business_Model_Application_Usage</ClassName><DerivedName><DerivedValueRef preDelimiter="" postDelimiter="">I</DerivedValueRef><DerivedValueString> in </DerivedValueString><DerivedValueRef preDelimiter="" postDelimiter="">B</DerivedValueRef><DerivedValueString> Architecture</DerivedValueString></DerivedName><DerivedExtID><DerivedValueRef preDelimiter="" postDelimiter="">I</DerivedValueRef><DerivedValueString> in </DerivedValueString><DerivedValueRef preDelimiter="" postDelimiter="">B</DerivedValueRef><DerivedValueString> Architecture</DerivedValueString></DerivedExtID><InstanceSlot><SlotName>used_in_business_model_architecture</SlotName><InstanceSlotVar>busModelArch</InstanceSlotVar><ConditionalRef>B</ConditionalRef></InstanceSlot><SimpleSlot><SlotName>business_model_architecture_type_label</SlotName><SlotValueRef>D</SlotValueRef></SimpleSlot><InstanceSlot><SlotName>bmau_used_application</SlotName><InstanceSlotVar>compAppSvc</InstanceSlotVar><ConditionalRef>I</ConditionalRef></InstanceSlot><SimpleSlot><SlotName>description</SlotName><SlotValueRef>K</SlotValueRef></SimpleSlot><InstanceSlot><SlotName>bmat_operating_model_category</SlotName><InstanceSlotVar>compAppSvcOpModel</InstanceSlotVar><ConditionalRef>J</ConditionalRef></InstanceSlot></DerivedInstance><SimpleInstance matchingMode="ByName"><VariableName>infoConcept</VariableName><ClassName>Information_Concept</ClassName><NameRef>L</NameRef><ExtIDRef>L</ExtIDRef></SimpleInstance><SimpleInstance matchingMode="ByName"><VariableName>infoConceptOpModel</VariableName><ClassName>Operating_Model_Category</ClassName><NameRef>M</NameRef><ExtIDRef>M</ExtIDRef></SimpleInstance><DerivedInstance matchingMode="ByName"><VariableName>infoConceptUsage</VariableName><ClassName>Business_Model_Information_Usage</ClassName><DerivedName><DerivedValueRef preDelimiter="" postDelimiter="">L</DerivedValueRef><DerivedValueString> in </DerivedValueString><DerivedValueRef preDelimiter="" postDelimiter="">B</DerivedValueRef><DerivedValueString> Architecture</DerivedValueString></DerivedName><DerivedExtID><DerivedValueRef preDelimiter="" postDelimiter="">L</DerivedValueRef><DerivedValueString> in </DerivedValueString><DerivedValueRef preDelimiter="" postDelimiter="">B</DerivedValueRef><DerivedValueString> Architecture</DerivedValueString></DerivedExtID><InstanceSlot><SlotName>used_in_business_model_architecture</SlotName><InstanceSlotVar>busModelArch</InstanceSlotVar><ConditionalRef>B</ConditionalRef></InstanceSlot><SimpleSlot><SlotName>business_model_architecture_type_label</SlotName><SlotValueRef>L</SlotValueRef></SimpleSlot><InstanceSlot><SlotName>bmiu_used_information</SlotName><InstanceSlotVar>infoConcept</InstanceSlotVar><ConditionalRef>L</ConditionalRef></InstanceSlot><SimpleSlot><SlotName>description</SlotName><SlotValueRef>N</SlotValueRef></SimpleSlot><InstanceSlot><SlotName>bmat_operating_model_category</SlotName><InstanceSlotVar>infoConceptOpModel</InstanceSlotVar><ConditionalRef>M</ConditionalRef></InstanceSlot></DerivedInstance><SimpleInstance matchingMode="ByName"><VariableName>techComposite</VariableName><ClassName>Technology_Composite</ClassName><NameRef>O</NameRef><ExtIDRef>O</ExtIDRef></SimpleInstance><SimpleInstance matchingMode="ByName"><VariableName>techCompositeOpModel</VariableName><ClassName>Operating_Model_Category</ClassName><NameRef>P</NameRef><ExtIDRef>P</ExtIDRef></SimpleInstance><DerivedInstance matchingMode="ByName"><VariableName>techCompositeUsage</VariableName><ClassName>Business_Model_Technology_Usage</ClassName><DerivedName><DerivedValueRef preDelimiter="" postDelimiter="">O</DerivedValueRef><DerivedValueString> in </DerivedValueString><DerivedValueRef preDelimiter="" postDelimiter="">B</DerivedValueRef><DerivedValueString> Architecture</DerivedValueString></DerivedName><DerivedExtID><DerivedValueRef preDelimiter="" postDelimiter="">O</DerivedValueRef><DerivedValueString> in </DerivedValueString><DerivedValueRef preDelimiter="" postDelimiter="">B</DerivedValueRef><DerivedValueString> Architecture</DerivedValueString></DerivedExtID><InstanceSlot><SlotName>used_in_business_model_architecture</SlotName><InstanceSlotVar>busModelArch</InstanceSlotVar><ConditionalRef>B</ConditionalRef></InstanceSlot><SimpleSlot><SlotName>business_model_architecture_type_label</SlotName><SlotValueRef>O</SlotValueRef></SimpleSlot><InstanceSlot><SlotName>bmtu_used_technology</SlotName><InstanceSlotVar>techComposite</InstanceSlotVar><ConditionalRef>O</ConditionalRef></InstanceSlot><SimpleSlot><SlotName>description</SlotName><SlotValueRef>Q</SlotValueRef></SimpleSlot><InstanceSlot><SlotName>bmat_operating_model_category</SlotName><InstanceSlotVar>techCompositeOpModel</InstanceSlotVar><ConditionalRef>P</ConditionalRef></InstanceSlot></DerivedInstance></ns2:WorksheetImportSpec><ns2:WorksheetImportSpec firstRow="8" lastRow="14" name="Business Model Configs" imported="true"><SimpleInstance matchingMode="ByName"><VariableName>busModel</VariableName><ClassName>Business_Model</ClassName><NameRef>C</NameRef><ExtIDRef>C</ExtIDRef></SimpleInstance><SimpleInstance matchingMode="ByName"><VariableName>orgScope1</VariableName><ClassName>Group_Actor</ClassName><NameRef>F</NameRef><ExtIDRef>F</ExtIDRef></SimpleInstance><SimpleInstance matchingMode="ByName"><VariableName>orgScope2</VariableName><ClassName>Group_Actor</ClassName><NameRef>G</NameRef><ExtIDRef>G</ExtIDRef></SimpleInstance><SimpleInstance matchingMode="ByName"><VariableName>orgScope3</VariableName><ClassName>Group_Actor</ClassName><NameRef>H</NameRef><ExtIDRef>H</ExtIDRef></SimpleInstance><SimpleInstance matchingMode="ByName"><VariableName>orgScope4</VariableName><ClassName>Group_Actor</ClassName><NameRef>I</NameRef><ExtIDRef>I</ExtIDRef></SimpleInstance><SimpleInstance matchingMode="ByName"><VariableName>orgScope5</VariableName><ClassName>Group_Actor</ClassName><NameRef>J</NameRef><ExtIDRef>J</ExtIDRef></SimpleInstance><SimpleInstance matchingMode="ByName"><VariableName>orgScope6</VariableName><ClassName>Group_Actor</ClassName><NameRef>K</NameRef><ExtIDRef>K</ExtIDRef></SimpleInstance><DerivedInstance matchingMode="ByID"><VariableName>busModelConfig</VariableName><ClassName>Business_Model_Configuration</ClassName><DerivedName><DerivedValueRef preDelimiter="" postDelimiter="">C</DerivedValueRef><DerivedValueString> - </DerivedValueString><DerivedValueRef preDelimiter="" postDelimiter="">D</DerivedValueRef></DerivedName><DerivedExtID><DerivedValueRef preDelimiter="" postDelimiter="">B</DerivedValueRef></DerivedExtID><SimpleSlot><SlotName>description</SlotName><SlotValueRef>E</SlotValueRef></SimpleSlot><InstanceSlot><SlotName>bmc_for_business_model</SlotName><InstanceSlotVar>busModel</InstanceSlotVar><ConditionalRef>C</ConditionalRef></InstanceSlot><InstanceSlot><SlotName>bmc_org_scope</SlotName><InstanceSlotVar>orgScope2</InstanceSlotVar><ConditionalRef>G</ConditionalRef></InstanceSlot><InstanceSlot><SlotName>bmc_org_scope</SlotName><InstanceSlotVar>orgScope3</InstanceSlotVar><ConditionalRef>H</ConditionalRef></InstanceSlot><InstanceSlot><SlotName>bmc_org_scope</SlotName><InstanceSlotVar>orgScope4</InstanceSlotVar><ConditionalRef>I</ConditionalRef></InstanceSlot><InstanceSlot><SlotName>bmc_org_scope</SlotName><InstanceSlotVar>orgScope5</InstanceSlotVar><ConditionalRef>J</ConditionalRef></InstanceSlot><InstanceSlot><SlotName>bmc_org_scope</SlotName><InstanceSlotVar>orgScope6</InstanceSlotVar><ConditionalRef>K</ConditionalRef></InstanceSlot><SimpleSlot><SlotName>bmc_label</SlotName><SlotValueRef>D</SlotValueRef></SimpleSlot><InstanceSlot><SlotName>bmc_org_scope</SlotName><InstanceSlotVar>orgScope1</InstanceSlotVar><ConditionalRef>F</ConditionalRef></InstanceSlot></DerivedInstance></ns2:WorksheetImportSpec><ns2:WorksheetImportSpec firstRow="8" lastRow="20" name="REF Op Model Categories" imported="false"><SimpleInstance matchingMode="ByName"><VariableName>parentBusModelCat</VariableName><ClassName>Operating_Model_Category</ClassName><NameRef>K</NameRef><ExtIDRef>K</ExtIDRef></SimpleInstance><SimpleInstance matchingMode="ByName"><VariableName>busModelCat</VariableName><ClassName>Operating_Model_Category</ClassName><NameRef>C</NameRef><ExtIDRef>B</ExtIDRef><SimpleSlot><SlotName>description</SlotName><SlotValueRef>D</SlotValueRef></SimpleSlot><PrimitiveSlot><SlotName>enumeration_sequence_number</SlotName><SlotValueRef>E</SlotValueRef><PrimitiveSlotType>Integer</PrimitiveSlotType></PrimitiveSlot><SimpleSlot><SlotName>enumeration_value</SlotName><SlotValueRef>I</SlotValueRef></SimpleSlot><SimpleSlot><SlotName>short_name</SlotName><SlotValueRef>J</SlotValueRef></SimpleSlot><InstanceSlot><SlotName>contained_in_operating_model_category</SlotName><InstanceSlotVar>parentBusModelCat</InstanceSlotVar><ConditionalRef>K</ConditionalRef></InstanceSlot></SimpleInstance><DerivedInstance matchingMode="ByName"><VariableName>elementStyling</VariableName><ClassName>Element_Style</ClassName><DerivedName><DerivedValueString>View Styling for </DerivedValueString><DerivedValueRef preDelimiter="" postDelimiter="">C</DerivedValueRef></DerivedName><DerivedExtID><DerivedValueString>View Styling for </DerivedValueString><DerivedValueRef preDelimiter="" postDelimiter="">C</DerivedValueRef></DerivedExtID><InstanceSlot><SlotName>style_for_elements</SlotName><InstanceSlotVar>busModelCat</InstanceSlotVar><ConditionalRef>B</ConditionalRef><ConditionalRef>C</ConditionalRef></InstanceSlot><SimpleSlot><SlotName>element_style_colour</SlotName><SlotValueRef>F</SlotValueRef></SimpleSlot><SimpleSlot><SlotName>element_style_class</SlotName><SlotValueRef>G</SlotValueRef></SimpleSlot></DerivedInstance></ns2:WorksheetImportSpec><ns2:WorksheetImportSpec firstRow="8" lastRow="270" name="Business Process 2 App Services" imported="true"><SimpleInstance matchingMode="ByName"><VariableName>appSvc</VariableName><ClassName>Application_Service</ClassName><NameRef>C</NameRef><ExtIDRef>C</ExtIDRef></SimpleInstance><SimpleInstance matchingMode="ByName"><VariableName>busProc</VariableName><ClassName>Business_Process</ClassName><NameRef>B</NameRef><ExtIDRef>B</ExtIDRef></SimpleInstance><DerivedInstance matchingMode="ByName"><VariableName>appSvc2BusProc</VariableName><ClassName>APP_SVC_TO_BUS_RELATION</ClassName><DerivedName><DerivedValueRef preDelimiter="" postDelimiter="">C</DerivedValueRef><DerivedValueString>::supports::</DerivedValueString><DerivedValueRef preDelimiter="" postDelimiter="">B</DerivedValueRef></DerivedName><DerivedExtID><DerivedValueRef preDelimiter="" postDelimiter="">C</DerivedValueRef><DerivedValueString>::supports::</DerivedValueString><DerivedValueRef preDelimiter="" postDelimiter="">B</DerivedValueRef></DerivedExtID><InstanceSlot><SlotName>appsvc_to_bus_from_appsvc</SlotName><InstanceSlotVar>appSvc</InstanceSlotVar><ConditionalRef>C</ConditionalRef></InstanceSlot><InstanceSlot><SlotName>appsvc_to_bus_to_busproc</SlotName><InstanceSlotVar>busProc</InstanceSlotVar><ConditionalRef>B</ConditionalRef></InstanceSlot></DerivedInstance></ns2:WorksheetImportSpec><ns2:WorksheetImportSpec firstRow="8" lastRow="20" name="Bus Reference Archs" imported="true"><SimpleInstance matchingMode="ByName"><VariableName>orgScope1</VariableName><ClassName>Group_Actor</ClassName><NameRef>F</NameRef><ExtIDRef>F</ExtIDRef></SimpleInstance><SimpleInstance matchingMode="ByName"><VariableName>orgScope2</VariableName><ClassName>Group_Actor</ClassName><NameRef>G</NameRef><ExtIDRef>G</ExtIDRef></SimpleInstance><SimpleInstance matchingMode="ByName"><VariableName>orgScope3</VariableName><ClassName>Group_Actor</ClassName><NameRef>H</NameRef><ExtIDRef>H</ExtIDRef></SimpleInstance><SimpleInstance matchingMode="ByName"><VariableName>orgScope4</VariableName><ClassName>Group_Actor</ClassName><NameRef>I</NameRef><ExtIDRef>I</ExtIDRef></SimpleInstance><SimpleInstance matchingMode="ByName"><VariableName>orgScope5</VariableName><ClassName>Group_Actor</ClassName><NameRef>J</NameRef><ExtIDRef>J</ExtIDRef></SimpleInstance><SimpleInstance matchingMode="ByName"><VariableName>orgScope6</VariableName><ClassName>Group_Actor</ClassName><NameRef>E</NameRef><ExtIDRef>E</ExtIDRef></SimpleInstance><DerivedInstance matchingMode="ByID"><VariableName>busRefArch</VariableName><ClassName>Business_Reference_Architecture</ClassName><DerivedName><DerivedValueRef preDelimiter="" postDelimiter="">C</DerivedValueRef></DerivedName><DerivedExtID><DerivedValueRef preDelimiter="" postDelimiter="">B</DerivedValueRef></DerivedExtID><SimpleSlot><SlotName>description</SlotName><SlotValueRef>D</SlotValueRef></SimpleSlot><InstanceSlot><SlotName>sm_organisational_scope</SlotName><InstanceSlotVar>orgScope1</InstanceSlotVar><ConditionalRef>F</ConditionalRef></InstanceSlot><InstanceSlot><SlotName>sm_organisational_scope</SlotName><InstanceSlotVar>orgScope2</InstanceSlotVar><ConditionalRef>G</ConditionalRef></InstanceSlot><InstanceSlot><SlotName>sm_organisational_scope</SlotName><InstanceSlotVar>orgScope3</InstanceSlotVar><ConditionalRef>H</ConditionalRef></InstanceSlot><InstanceSlot><SlotName>sm_organisational_scope</SlotName><InstanceSlotVar>orgScope4</InstanceSlotVar><ConditionalRef>I</ConditionalRef></InstanceSlot><InstanceSlot><SlotName>sm_organisational_scope</SlotName><InstanceSlotVar>orgScope5</InstanceSlotVar><ConditionalRef>J</ConditionalRef></InstanceSlot><InstanceSlot><SlotName>sm_organisational_scope</SlotName><InstanceSlotVar>orgScope6</InstanceSlotVar><ConditionalRef>E</ConditionalRef></InstanceSlot></DerivedInstance></ns2:WorksheetImportSpec><ns2:WorksheetImportSpec firstRow="8" lastRow="20" name="App Reference Impls" imported="true"><SimpleInstance matchingMode="ByName"><VariableName>orgScope1</VariableName><ClassName>Group_Actor</ClassName><NameRef>F</NameRef><ExtIDRef>F</ExtIDRef></SimpleInstance><SimpleInstance matchingMode="ByName"><VariableName>orgScope2</VariableName><ClassName>Group_Actor</ClassName><NameRef>G</NameRef><ExtIDRef>G</ExtIDRef></SimpleInstance><SimpleInstance matchingMode="ByName"><VariableName>orgScope3</VariableName><ClassName>Group_Actor</ClassName><NameRef>H</NameRef><ExtIDRef>H</ExtIDRef></SimpleInstance><SimpleInstance matchingMode="ByName"><VariableName>orgScope4</VariableName><ClassName>Group_Actor</ClassName><NameRef>I</NameRef><ExtIDRef>I</ExtIDRef></SimpleInstance><SimpleInstance matchingMode="ByName"><VariableName>orgScope5</VariableName><ClassName>Group_Actor</ClassName><NameRef>J</NameRef><ExtIDRef>J</ExtIDRef></SimpleInstance><SimpleInstance matchingMode="ByName"><VariableName>orgScope6</VariableName><ClassName>Group_Actor</ClassName><NameRef>E</NameRef><ExtIDRef>E</ExtIDRef></SimpleInstance><DerivedInstance matchingMode="ByID"><VariableName>appRefImpl</VariableName><ClassName>Application_Reference_Implementation</ClassName><DerivedName><DerivedValueRef preDelimiter="" postDelimiter="">C</DerivedValueRef></DerivedName><DerivedExtID><DerivedValueRef preDelimiter="" postDelimiter="">B</DerivedValueRef></DerivedExtID><SimpleSlot><SlotName>description</SlotName><SlotValueRef>D</SlotValueRef></SimpleSlot><InstanceSlot><SlotName>sm_organisational_scope</SlotName><InstanceSlotVar>orgScope1</InstanceSlotVar><ConditionalRef>F</ConditionalRef></InstanceSlot><InstanceSlot><SlotName>sm_organisational_scope</SlotName><InstanceSlotVar>orgScope2</InstanceSlotVar><ConditionalRef>G</ConditionalRef></InstanceSlot><InstanceSlot><SlotName>sm_organisational_scope</SlotName><InstanceSlotVar>orgScope3</InstanceSlotVar><ConditionalRef>H</ConditionalRef></InstanceSlot><InstanceSlot><SlotName>sm_organisational_scope</SlotName><InstanceSlotVar>orgScope4</InstanceSlotVar><ConditionalRef>I</ConditionalRef></InstanceSlot><InstanceSlot><SlotName>sm_organisational_scope</SlotName><InstanceSlotVar>orgScope5</InstanceSlotVar><ConditionalRef>J</ConditionalRef></InstanceSlot><InstanceSlot><SlotName>sm_organisational_scope</SlotName><InstanceSlotVar>orgScope6</InstanceSlotVar><ConditionalRef>E</ConditionalRef></InstanceSlot></DerivedInstance></ns2:WorksheetImportSpec><ns2:WorksheetImportSpec firstRow="8" lastRow="150" name="Bus Ref Arch 2 Process" imported="true"><SimpleInstance matchingMode="ByName"><VariableName>busRefArch</VariableName><ClassName>Business_Reference_Architecture</ClassName><NameRef>B</NameRef><ExtIDRef>B</ExtIDRef></SimpleInstance><SimpleInstance matchingMode="ByName"><VariableName>busProc</VariableName><ClassName>Business_Process</ClassName><NameRef>C</NameRef><ExtIDRef>C</ExtIDRef></SimpleInstance><DerivedInstance matchingMode="ByName"><VariableName>busProcUsage</VariableName><ClassName>Business_Process_Reference_Usage</ClassName><DerivedName><DerivedValueRef preDelimiter="" postDelimiter="">C</DerivedValueRef><DerivedValueString> in </DerivedValueString><DerivedValueRef preDelimiter="" postDelimiter="">B</DerivedValueRef></DerivedName><DerivedExtID><DerivedValueRef preDelimiter="" postDelimiter="">C</DerivedValueRef><DerivedValueString> in </DerivedValueString><DerivedValueRef preDelimiter="" postDelimiter="">B</DerivedValueRef></DerivedExtID><InstanceSlot><SlotName>bpru_usage_of_business_process</SlotName><InstanceSlotVar>busProc</InstanceSlotVar><ConditionalRef>C</ConditionalRef></InstanceSlot><SimpleSlot><SlotName>usage_label</SlotName><SlotValueRef>C</SlotValueRef></SimpleSlot><InstanceSlot><SlotName>bramt_used_in_business_reference_architecture</SlotName><InstanceSlotVar>busRefArch</InstanceSlotVar><ConditionalRef>B</ConditionalRef></InstanceSlot></DerivedInstance></ns2:WorksheetImportSpec><ns2:WorksheetImportSpec firstRow="8" lastRow="110" name="App Ref Impls Models" imported="true"><SimpleInstance matchingMode="ByName"><VariableName>appRefImpl</VariableName><ClassName>Application_Reference_Implementation</ClassName><NameRef>B</NameRef><ExtIDRef>B</ExtIDRef></SimpleInstance><SimpleInstance matchingMode="ByName"><VariableName>fromAppProviderRole</VariableName><ClassName>Application_Provider_Role</ClassName><NameRef>C</NameRef><ExtIDRef>C</ExtIDRef></SimpleInstance><SimpleInstance matchingMode="ByName"><VariableName>toAppProviderRole</VariableName><ClassName>Application_Provider_Role</ClassName><NameRef>D</NameRef><ExtIDRef>D</ExtIDRef></SimpleInstance><DerivedInstance matchingMode="ByName"><VariableName>fromAPRUsage</VariableName><ClassName>Application_Provider_Reference_Usage</ClassName><DerivedName><DerivedValueRef preDelimiter="" postDelimiter="">C</DerivedValueRef><DerivedValueString> in </DerivedValueString><DerivedValueRef preDelimiter="" postDelimiter="">B</DerivedValueRef></DerivedName><DerivedExtID><DerivedValueRef preDelimiter="" postDelimiter="">C</DerivedValueRef><DerivedValueString> in </DerivedValueString><DerivedValueRef preDelimiter="" postDelimiter="">B</DerivedValueRef></DerivedExtID><SimpleSlot><SlotName>usage_label</SlotName><SlotValueRef>C</SlotValueRef></SimpleSlot><InstanceSlot><SlotName>apru_usage_of_application_provider</SlotName><InstanceSlotVar>fromAppProviderRole</InstanceSlotVar><ConditionalRef>C</ConditionalRef></InstanceSlot><InstanceSlot><SlotName>arimt_used_in_application_reference_implementation</SlotName><InstanceSlotVar>appRefImpl</InstanceSlotVar><ConditionalRef>B</ConditionalRef></InstanceSlot></DerivedInstance><DerivedInstance matchingMode="ByName"><VariableName>toAPRUsage</VariableName><ClassName>Application_Provider_Reference_Usage</ClassName><DerivedName><DerivedValueRef preDelimiter="" postDelimiter="">D</DerivedValueRef><DerivedValueString> in </DerivedValueString><DerivedValueRef preDelimiter="" postDelimiter="">B</DerivedValueRef></DerivedName><DerivedExtID><DerivedValueRef preDelimiter="" postDelimiter="">D</DerivedValueRef><DerivedValueString> in </DerivedValueString><DerivedValueRef preDelimiter="" postDelimiter="">B</DerivedValueRef></DerivedExtID><SimpleSlot><SlotName>usage_label</SlotName><SlotValueRef>D</SlotValueRef></SimpleSlot><InstanceSlot><SlotName>apru_usage_of_application_provider</SlotName><InstanceSlotVar>toAppProviderRole</InstanceSlotVar><ConditionalRef>D</ConditionalRef></InstanceSlot><InstanceSlot><SlotName>arimt_used_in_application_reference_implementation</SlotName><InstanceSlotVar>appRefImpl</InstanceSlotVar><ConditionalRef>B</ConditionalRef></InstanceSlot></DerivedInstance><DerivedInstance matchingMode="ByName"><VariableName>refAPRToAPR</VariableName><ClassName>:ARIT-TO-ARIT-REFERENCE-RELATION</ClassName><DerivedName><DerivedValueRef preDelimiter="" postDelimiter="">C</DerivedValueRef><DerivedValueString> in </DerivedValueString><DerivedValueRef preDelimiter="" postDelimiter="">B</DerivedValueRef><DerivedValueString> depends on </DerivedValueString><DerivedValueRef preDelimiter="" postDelimiter="">D</DerivedValueRef><DerivedValueString> in </DerivedValueString><DerivedValueRef preDelimiter="" postDelimiter="">B</DerivedValueRef></DerivedName><DerivedExtID><DerivedValueRef preDelimiter="" postDelimiter="">C</DerivedValueRef><DerivedValueString> in </DerivedValueString><DerivedValueRef preDelimiter="" postDelimiter="">B</DerivedValueRef><DerivedValueString> depends on </DerivedValueString><DerivedValueRef preDelimiter="" postDelimiter="">D</DerivedValueRef><DerivedValueString> in </DerivedValueString><DerivedValueRef preDelimiter="" postDelimiter="">B</DerivedValueRef></DerivedExtID><InstanceSlot><SlotName>:FROM</SlotName><InstanceSlotVar>fromAPRUsage</InstanceSlotVar><ConditionalRef>C</ConditionalRef></InstanceSlot><InstanceSlot><SlotName>:TO</SlotName><InstanceSlotVar>toAPRUsage</InstanceSlotVar><ConditionalRef>D</ConditionalRef></InstanceSlot><InstanceSlot><SlotName>ari_relation_in_application_reference_implementation_model</SlotName><InstanceSlotVar>appRefImpl</InstanceSlotVar><ConditionalRef>B</ConditionalRef></InstanceSlot></DerivedInstance></ns2:WorksheetImportSpec><ns2:WorksheetImportSpec firstRow="8" lastRow="30" name="Bus Model Config 2 Ref Archs" imported="true"><SimpleInstance matchingMode="ByName"><VariableName>busModelConfoig</VariableName><ClassName>Business_Model_Configuration</ClassName><NameRef>B</NameRef><ExtIDRef>B</ExtIDRef></SimpleInstance><SimpleInstance matchingMode="ByName"><VariableName>busRefArch</VariableName><ClassName>Business_Reference_Architecture</ClassName><NameRef>C</NameRef><ExtIDRef>C</ExtIDRef></SimpleInstance><SimpleInstance matchingMode="ByName"><VariableName>appRefImpl</VariableName><ClassName>Application_Reference_Implementation</ClassName><NameRef>D</NameRef><ExtIDRef>D</ExtIDRef></SimpleInstance><DerivedInstance matchingMode="ByName"><VariableName>busModelConfigArch</VariableName><ClassName>Business_Model_Configuration_Architecture</ClassName><DerivedName><DerivedValueRef preDelimiter="" postDelimiter="">B</DerivedValueRef><DerivedValueString> Reference Architecture</DerivedValueString></DerivedName><DerivedExtID><DerivedValueRef preDelimiter="" postDelimiter="">B</DerivedValueRef><DerivedValueString> Reference Architecture</DerivedValueString></DerivedExtID><InstanceSlot><SlotName>architecture_of_business_model_configuration</SlotName><InstanceSlotVar>busModelConfoig</InstanceSlotVar><ConditionalRef>B</ConditionalRef></InstanceSlot></DerivedInstance><DerivedInstance matchingMode="ByName"><VariableName>fromBusRefArchUsage</VariableName><ClassName>Business_Reference_Architecture_Config_Usage</ClassName><DerivedName><DerivedValueRef preDelimiter="" postDelimiter="">C</DerivedValueRef><DerivedValueString> in </DerivedValueString><DerivedValueRef preDelimiter="" postDelimiter="">B</DerivedValueRef><DerivedValueString> Reference Architecture</DerivedValueString></DerivedName><DerivedExtID><DerivedValueRef preDelimiter="" postDelimiter="">C</DerivedValueRef><DerivedValueString> in </DerivedValueString><DerivedValueRef preDelimiter="" postDelimiter="">B</DerivedValueRef><DerivedValueString> Reference Architecture</DerivedValueString></DerivedExtID><SimpleSlot><SlotName>usage_label</SlotName><SlotValueRef>C</SlotValueRef></SimpleSlot><InstanceSlot><SlotName>bmcat_used_in_business_model_config_architecture</SlotName><InstanceSlotVar>busModelConfigArch</InstanceSlotVar><ConditionalRef>B</ConditionalRef></InstanceSlot><InstanceSlot><SlotName>bracu_usage_of_business_reference_architecture</SlotName><InstanceSlotVar>busRefArch</InstanceSlotVar><ConditionalRef>C</ConditionalRef></InstanceSlot></DerivedInstance><DerivedInstance matchingMode="ByName"><VariableName>toAppRefImplUsage</VariableName><ClassName>Application_Reference_Implementation_Config_Usage</ClassName><DerivedName><DerivedValueRef preDelimiter="" postDelimiter="">D</DerivedValueRef><DerivedValueString> in </DerivedValueString><DerivedValueRef preDelimiter="" postDelimiter="">B</DerivedValueRef><DerivedValueString> Reference Architecture</DerivedValueString></DerivedName><DerivedExtID><DerivedValueRef preDelimiter="" postDelimiter="">D</DerivedValueRef><DerivedValueString> in </DerivedValueString><DerivedValueRef preDelimiter="" postDelimiter="">B</DerivedValueRef><DerivedValueString> Reference Architecture</DerivedValueString></DerivedExtID><SimpleSlot><SlotName>usage_label</SlotName><SlotValueRef>D</SlotValueRef></SimpleSlot><InstanceSlot><SlotName>bmcat_used_in_business_model_config_architecture</SlotName><InstanceSlotVar>busModelConfigArch</InstanceSlotVar><ConditionalRef>B</ConditionalRef></InstanceSlot><InstanceSlot><SlotName>aricu_usage_of_application_reference_implementation</SlotName><InstanceSlotVar>appRefImpl</InstanceSlotVar><ConditionalRef>D</ConditionalRef></InstanceSlot></DerivedInstance><DerivedInstance matchingMode="ByName"><VariableName>busRefArch2AppRefImpl</VariableName><ClassName>:BMC-BRAU-DEPENDS_ON-ARIU</ClassName><DerivedName><DerivedValueRef preDelimiter="" postDelimiter="">C</DerivedValueRef><DerivedValueString> in </DerivedValueString><DerivedValueRef preDelimiter="" postDelimiter="">B</DerivedValueRef><DerivedValueString> Reference Architecture</DerivedValueString><DerivedValueString> depends on </DerivedValueString><DerivedValueRef preDelimiter="" postDelimiter="">D</DerivedValueRef><DerivedValueString> in </DerivedValueString><DerivedValueRef preDelimiter="" postDelimiter="">B</DerivedValueRef><DerivedValueString> Reference Architecture</DerivedValueString></DerivedName><DerivedExtID><DerivedValueRef preDelimiter="" postDelimiter="">C</DerivedValueRef><DerivedValueString> in </DerivedValueString><DerivedValueRef preDelimiter="" postDelimiter="">B</DerivedValueRef><DerivedValueString> Reference Architecture</DerivedValueString><DerivedValueString> depends on </DerivedValueString><DerivedValueRef preDelimiter="" postDelimiter="">D</DerivedValueRef><DerivedValueString> in </DerivedValueString><DerivedValueRef preDelimiter="" postDelimiter="">B</DerivedValueRef><DerivedValueString> Reference Architecture</DerivedValueString></DerivedExtID><InstanceSlot><SlotName>:FROM</SlotName><InstanceSlotVar>fromBusRefArchUsage</InstanceSlotVar><ConditionalRef>C</ConditionalRef></InstanceSlot><InstanceSlot><SlotName>:TO</SlotName><InstanceSlotVar>toAppRefImplUsage</InstanceSlotVar><ConditionalRef>D</ConditionalRef></InstanceSlot><InstanceSlot><SlotName>bmc_relation_in_business_model_config_architecture</SlotName><InstanceSlotVar>busModelConfigArch</InstanceSlotVar><ConditionalRef>B</ConditionalRef></InstanceSlot></DerivedInstance></ns2:WorksheetImportSpec><ns2:WorksheetImportSpec firstRow="8" lastRow="161" name="Organisation to Sites" imported="false"><SimpleInstance matchingMode="ByName"><VariableName>site</VariableName><ClassName>Site</ClassName><NameRef>C</NameRef><ExtIDRef>C</ExtIDRef></SimpleInstance><SimpleInstance matchingMode="ByName"><VariableName>org</VariableName><ClassName>Group_Actor</ClassName><NameRef>B</NameRef><ExtIDRef>B</ExtIDRef><InstanceSlot><SlotName>actor_based_at_site</SlotName><InstanceSlotVar>site</InstanceSlotVar><ConditionalRef>C</ConditionalRef></InstanceSlot></SimpleInstance></ns2:WorksheetImportSpec></ns2:SpreadsheetImportSpec>