<?xml version="1.0" encoding="UTF-8" standalone="yes"?><ns2:SpreadsheetImportSpec xmlns="http://www.enterprise-architecture.org/essential/importutility/common" xmlns:ns2="http://www.enterprise-architecture.org/essential/importutility/importspec" import_schema_version="1.0"><ns2:GlobalInstances/><ns2:WorksheetImportSpec firstRow="8" lastRow="30" name="Product Types" imported="true"><SimpleInstance matchingMode="ByID"><VariableName>productType</VariableName><ClassName>Product_Type</ClassName><NameRef>C</NameRef><ExtIDRef>B</ExtIDRef><SimpleSlot><SlotName>description</SlotName><SlotValueRef>D</SlotValueRef></SimpleSlot></SimpleInstance></ns2:WorksheetImportSpec><ns2:WorksheetImportSpec firstRow="8" lastRow="30" name="Value Streams" imported="true"><SimpleInstance matchingMode="ByName"><VariableName>aValueStream</VariableName><ClassName>Value_Stream</ClassName><NameRef>C</NameRef><ExtIDRef>B</ExtIDRef><SimpleSlot><SlotName>description</SlotName><SlotValueRef>D</SlotValueRef></SimpleSlot></SimpleInstance></ns2:WorksheetImportSpec><ns2:WorksheetImportSpec firstRow="8" lastRow="25" name="Value Stages" imported="true"><SimpleInstance matchingMode="ByName"><VariableName>valueStageLabel</VariableName><ClassName>Label</ClassName><NameRef>F</NameRef><ExtIDRef>F</ExtIDRef></SimpleInstance><SimpleInstance matchingMode="ByName"><VariableName>parentValueStream</VariableName><ClassName>Value_Stream</ClassName><NameRef>C</NameRef><ExtIDRef>C</ExtIDRef></SimpleInstance><SimpleInstance matchingMode="ByName"><VariableName>parentValueStage</VariableName><ClassName>Value_Stage</ClassName><NameRef>D</NameRef><ExtIDRef>D</ExtIDRef></SimpleInstance><DerivedInstance matchingMode="ByID"><VariableName>aValueStageForVStream</VariableName><ClassName>Value_Stage</ClassName><DerivedName><DerivedValueRef preDelimiter="" postDelimiter="">C</DerivedValueRef><DerivedValueString>: </DerivedValueString><DerivedValueRef preDelimiter="" postDelimiter="">E</DerivedValueRef><DerivedValueString>. </DerivedValueString><DerivedValueRef preDelimiter="" postDelimiter="">F</DerivedValueRef></DerivedName><DerivedExtID><DerivedValueRef preDelimiter="" postDelimiter="">B</DerivedValueRef></DerivedExtID><PrimitiveSlot><SlotName>vsg_index</SlotName><SlotValueRef>E</SlotValueRef><PrimitiveSlotType>Integer</PrimitiveSlotType></PrimitiveSlot><SimpleSlot><SlotName>description</SlotName><SlotValueRef>G</SlotValueRef></SimpleSlot><InstanceSlot><SlotName>vsg_label</SlotName><InstanceSlotVar>valueStageLabel</InstanceSlotVar><ConditionalRef>F</ConditionalRef></InstanceSlot><InstanceSlot><SlotName>vsg_value_stream</SlotName><InstanceSlotVar>parentValueStream</InstanceSlotVar><ConditionalRef>C</ConditionalRef></InstanceSlot></DerivedInstance><DerivedInstance matchingMode="ByID"><VariableName>aValueStageForVStage</VariableName><ClassName>Value_Stage</ClassName><DerivedName><DerivedValueRef preDelimiter="" postDelimiter="">D</DerivedValueRef><DerivedValueString>: </DerivedValueString><DerivedValueRef preDelimiter="" postDelimiter="">E</DerivedValueRef><DerivedValueString>. </DerivedValueString><DerivedValueRef preDelimiter="" postDelimiter="">F</DerivedValueRef></DerivedName><DerivedExtID><DerivedValueRef preDelimiter="" postDelimiter="">B</DerivedValueRef></DerivedExtID><PrimitiveSlot><SlotName>vsg_index</SlotName><SlotValueRef>E</SlotValueRef><PrimitiveSlotType>Integer</PrimitiveSlotType></PrimitiveSlot><SimpleSlot><SlotName>description</SlotName><SlotValueRef>G</SlotValueRef></SimpleSlot><InstanceSlot><SlotName>vsg_label</SlotName><InstanceSlotVar>valueStageLabel</InstanceSlotVar><ConditionalRef>F</ConditionalRef></InstanceSlot><InstanceSlot><SlotName>vsg_value_stream</SlotName><InstanceSlotVar>parentValueStage</InstanceSlotVar><ConditionalRef>D</ConditionalRef></InstanceSlot></DerivedInstance></ns2:WorksheetImportSpec><ns2:WorksheetImportSpec firstRow="8" lastRow="40" name="Value Stages 2 Emotions" imported="true"><SimpleInstance matchingMode="ByName"><VariableName>theEmotion</VariableName><ClassName>Customer_Emotion</ClassName><NameRef>C</NameRef><ExtIDRef>C</ExtIDRef></SimpleInstance><SimpleInstance matchingMode="ByName"><VariableName>theValueStage</VariableName><ClassName>Value_Stage</ClassName><NameRef>B</NameRef><ExtIDRef>B</ExtIDRef></SimpleInstance><DerivedInstance matchingMode="ByName"><VariableName>valStage2Emotion</VariableName><ClassName>VALUE_STAGE_TO_EMOTION_RELATION</ClassName><DerivedName><DerivedValueRef preDelimiter="" postDelimiter="">B</DerivedValueRef><DerivedValueString> - </DerivedValueString><DerivedValueRef preDelimiter="" postDelimiter="">C</DerivedValueRef></DerivedName><DerivedExtID><DerivedValueRef preDelimiter="" postDelimiter="">B</DerivedValueRef><DerivedValueString> - </DerivedValueString><DerivedValueRef preDelimiter="" postDelimiter="">C</DerivedValueRef></DerivedExtID><InstanceSlot><SlotName>value_stage_to_emotion_from_value_stage</SlotName><InstanceSlotVar>theValueStage</InstanceSlotVar><ConditionalRef>B</ConditionalRef></InstanceSlot><InstanceSlot><SlotName>value_stage_to_emotion_to_emotion</SlotName><InstanceSlotVar>theEmotion</InstanceSlotVar><ConditionalRef>C</ConditionalRef></InstanceSlot><SimpleSlot><SlotName>relation_description</SlotName><SlotValueRef>D</SlotValueRef></SimpleSlot></DerivedInstance></ns2:WorksheetImportSpec><ns2:WorksheetImportSpec firstRow="8" lastRow="30" name="Value Stages 2 KPI Values" imported="true"><SimpleInstance matchingMode="ByName"><VariableName>valStageKPI</VariableName><ClassName>Business_Service_Quality</ClassName><NameRef>C</NameRef><ExtIDRef>C</ExtIDRef></SimpleInstance><SimpleInstance matchingMode="ByName"><VariableName>kpiUoM</VariableName><ClassName>Unit_Of_Measure</ClassName><NameRef>E</NameRef><ExtIDRef>E</ExtIDRef></SimpleInstance><DerivedInstance matchingMode="ByName"><VariableName>valStageKPIVal</VariableName><ClassName>Business_Service_Quality_Value</ClassName><DerivedName><DerivedValueRef preDelimiter="" postDelimiter="">C</DerivedValueRef><DerivedValueString> - </DerivedValueString><DerivedValueRef preDelimiter="" postDelimiter="">D</DerivedValueRef></DerivedName><DerivedExtID><DerivedValueRef preDelimiter="" postDelimiter="">C</DerivedValueRef><DerivedValueString> - </DerivedValueString><DerivedValueRef preDelimiter="" postDelimiter="">D</DerivedValueRef></DerivedExtID><InstanceSlot><SlotName>usage_of_service_quality</SlotName><InstanceSlotVar>valStageKPI</InstanceSlotVar><ConditionalRef>C</ConditionalRef></InstanceSlot><SimpleSlot><SlotName>service_quality_value_value</SlotName><SlotValueRef>D</SlotValueRef></SimpleSlot><InstanceSlot><SlotName>service_quality_value_uom</SlotName><InstanceSlotVar>kpiUoM</InstanceSlotVar><ConditionalRef>E</ConditionalRef></InstanceSlot></DerivedInstance><SimpleInstance matchingMode="ByName"><VariableName>measuredValueStage</VariableName><ClassName>Value_Stage</ClassName><NameRef>B</NameRef><ExtIDRef>B</ExtIDRef></SimpleInstance><DerivedInstance matchingMode="ByName"><VariableName>customerServicePerformanceMeasure</VariableName><ClassName>Business_Performance_Measure</ClassName><DerivedName><DerivedValueRef preDelimiter="" postDelimiter="">B</DerivedValueRef><DerivedValueString> - Target KPIs</DerivedValueString></DerivedName><DerivedExtID><DerivedValueRef preDelimiter="" postDelimiter="">B</DerivedValueRef><DerivedValueString> - Target KPIs</DerivedValueString></DerivedExtID><InstanceSlot><SlotName>pm_measured_element</SlotName><InstanceSlotVar>measuredValueStage</InstanceSlotVar><ConditionalRef>B</ConditionalRef></InstanceSlot><InstanceSlot><SlotName>pm_performance_value</SlotName><InstanceSlotVar>valStageKPIVal</InstanceSlotVar><ConditionalRef>C</ConditionalRef><ConditionalRef>D</ConditionalRef></InstanceSlot></DerivedInstance></ns2:WorksheetImportSpec><ns2:WorksheetImportSpec firstRow="8" lastRow="80" name="Value Stage KPIs" imported="true"><SimpleInstance matchingMode="ByName"><VariableName>language</VariableName><ClassName>Language</ClassName><NameRef>G</NameRef><ExtIDRef>G</ExtIDRef></SimpleInstance><SimpleInstance matchingMode="ByName"><VariableName>translation</VariableName><ClassName>Synonym</ClassName><NameRef>E</NameRef><ExtIDRef>E</ExtIDRef><InstanceSlot><SlotName>synonym_language</SlotName><InstanceSlotVar>language</InstanceSlotVar><ConditionalRef>G</ConditionalRef></InstanceSlot><SimpleSlot><SlotName>description</SlotName><SlotValueRef>F</SlotValueRef></SimpleSlot></SimpleInstance><SimpleInstance matchingMode="ByID"><VariableName>valueStageKPI</VariableName><ClassName>Business_Service_Quality</ClassName><NameRef>C</NameRef><ExtIDRef>B</ExtIDRef><InstanceSlot><SlotName>synonyms</SlotName><InstanceSlotVar>translation</InstanceSlotVar><ConditionalRef>E</ConditionalRef></InstanceSlot><SimpleSlot><SlotName>description</SlotName><SlotValueRef>D</SlotValueRef></SimpleSlot></SimpleInstance></ns2:WorksheetImportSpec><ns2:WorksheetImportSpec firstRow="8" lastRow="20" name="Customer Emotions" imported="true"><SimpleInstance matchingMode="ByName"><VariableName>language</VariableName><ClassName>Language</ClassName><NameRef>K</NameRef><ExtIDRef>K</ExtIDRef></SimpleInstance><SimpleInstance matchingMode="ByName"><VariableName>translation</VariableName><ClassName>Synonym</ClassName><NameRef>I</NameRef><ExtIDRef>I</ExtIDRef><InstanceSlot><SlotName>synonym_language</SlotName><InstanceSlotVar>language</InstanceSlotVar><ConditionalRef>K</ConditionalRef></InstanceSlot><SimpleSlot><SlotName>description</SlotName><SlotValueRef>J</SlotValueRef></SimpleSlot></SimpleInstance><SimpleInstance matchingMode="ByID"><VariableName>customerEmotion</VariableName><ClassName>Customer_Emotion</ClassName><NameRef>C</NameRef><ExtIDRef>B</ExtIDRef><InstanceSlot><SlotName>synonyms</SlotName><InstanceSlotVar>translation</InstanceSlotVar><ConditionalRef>I</ConditionalRef></InstanceSlot><PrimitiveSlot><SlotName>enumeration_sequence_number</SlotName><SlotValueRef>G</SlotValueRef><PrimitiveSlotType>Integer</PrimitiveSlotType></PrimitiveSlot><SimpleSlot><SlotName>description</SlotName><SlotValueRef>D</SlotValueRef></SimpleSlot><SimpleSlot><SlotName>enumeration_value</SlotName><SlotValueRef>C</SlotValueRef></SimpleSlot><PrimitiveSlot><SlotName>enumeration_score</SlotName><SlotValueRef>H</SlotValueRef><PrimitiveSlotType>Integer</PrimitiveSlotType></PrimitiveSlot></SimpleInstance><DerivedInstance matchingMode="ByName"><VariableName>elementStyling</VariableName><ClassName>Element_Style</ClassName><DerivedName><DerivedValueString>View Styling for </DerivedValueString><DerivedValueRef preDelimiter="" postDelimiter="">C</DerivedValueRef></DerivedName><DerivedExtID><DerivedValueString>View Styling for </DerivedValueString><DerivedValueRef preDelimiter="" postDelimiter="">C</DerivedValueRef></DerivedExtID><InstanceSlot><SlotName>style_for_elements</SlotName><InstanceSlotVar>customerEmotion</InstanceSlotVar><ConditionalRef>B</ConditionalRef><ConditionalRef>C</ConditionalRef></InstanceSlot><SimpleSlot><SlotName>element_style_colour</SlotName><SlotValueRef>E</SlotValueRef></SimpleSlot><SimpleSlot><SlotName>element_style_class</SlotName><SlotValueRef>F</SlotValueRef></SimpleSlot></DerivedInstance></ns2:WorksheetImportSpec><ns2:WorksheetImportSpec firstRow="8" lastRow="80" name="Business Role Types" imported="true"><SimpleInstance matchingMode="ByID"><VariableName>busRoleType</VariableName><ClassName>Business_Role_Type</ClassName><NameRef>C</NameRef><ExtIDRef>B</ExtIDRef><SimpleSlot><SlotName>description</SlotName><SlotValueRef>D</SlotValueRef></SimpleSlot></SimpleInstance></ns2:WorksheetImportSpec><ns2:WorksheetImportSpec firstRow="8" lastRow="15" name="Org Business Roles" imported="true"><SimpleInstance matchingMode="ByID"><VariableName>orgRole</VariableName><ClassName>Group_Business_Role</ClassName><NameRef>C</NameRef><ExtIDRef>B</ExtIDRef><SimpleSlot><SlotName>description</SlotName><SlotValueRef>D</SlotValueRef></SimpleSlot></SimpleInstance></ns2:WorksheetImportSpec><ns2:WorksheetImportSpec firstRow="8" lastRow="30" name="Individual Business Roles" imported="true"><SimpleInstance matchingMode="ByID"><VariableName>indivRole</VariableName><ClassName>Individual_Business_Role</ClassName><NameRef>C</NameRef><ExtIDRef>B</ExtIDRef><SimpleSlot><SlotName>description</SlotName><SlotValueRef>D</SlotValueRef></SimpleSlot></SimpleInstance></ns2:WorksheetImportSpec><ns2:WorksheetImportSpec firstRow="8" lastRow="30" name="Business Events" imported="true"><SimpleInstance matchingMode="ByID"><VariableName>busEvent</VariableName><ClassName>Business_Event</ClassName><NameRef>C</NameRef><ExtIDRef>B</ExtIDRef><SimpleSlot><SlotName>description</SlotName><SlotValueRef>D</SlotValueRef></SimpleSlot></SimpleInstance></ns2:WorksheetImportSpec><ns2:WorksheetImportSpec firstRow="8" lastRow="30" name="Value Stream 2 Stakeholders" imported="true"><SimpleInstance matchingMode="ByName"><VariableName>roleType</VariableName><ClassName>Business_Role_Type</ClassName><NameRef>C</NameRef><ExtIDRef>C</ExtIDRef></SimpleInstance><SimpleInstance matchingMode="ByName"><VariableName>indivRole</VariableName><ClassName>Individual_Business_Role</ClassName><NameRef>D</NameRef><ExtIDRef>D</ExtIDRef></SimpleInstance><SimpleInstance matchingMode="ByName"><VariableName>orgRole</VariableName><ClassName>Group_Business_Role</ClassName><NameRef>E</NameRef><ExtIDRef>E</ExtIDRef></SimpleInstance><SimpleInstance matchingMode="ByName"><VariableName>valStream</VariableName><ClassName>Value_Stream</ClassName><NameRef>B</NameRef><ExtIDRef>B</ExtIDRef><InstanceSlot><SlotName>vs_trigger_business_roles</SlotName><InstanceSlotVar>roleType</InstanceSlotVar><ConditionalRef>C</ConditionalRef></InstanceSlot><InstanceSlot><SlotName>vs_trigger_business_roles</SlotName><InstanceSlotVar>indivRole</InstanceSlotVar><ConditionalRef>D</ConditionalRef></InstanceSlot><InstanceSlot><SlotName>vs_trigger_business_roles</SlotName><InstanceSlotVar>orgRole</InstanceSlotVar><ConditionalRef>E</ConditionalRef></InstanceSlot></SimpleInstance></ns2:WorksheetImportSpec><ns2:WorksheetImportSpec firstRow="8" lastRow="20" name="Value Stream 2 Product Types" imported="true"><SimpleInstance matchingMode="ByName"><VariableName>prodType</VariableName><ClassName>Product_Type</ClassName><NameRef>C</NameRef><ExtIDRef>C</ExtIDRef></SimpleInstance><SimpleInstance matchingMode="ByName"><VariableName>valStream</VariableName><ClassName>Value_Stream</ClassName><NameRef>B</NameRef><ExtIDRef>B</ExtIDRef><InstanceSlot><SlotName>vs_product_types</SlotName><InstanceSlotVar>prodType</InstanceSlotVar><ConditionalRef>C</ConditionalRef></InstanceSlot></SimpleInstance></ns2:WorksheetImportSpec><ns2:WorksheetImportSpec firstRow="8" lastRow="20" name="Value Stream 2 Events" imported="true"><SimpleInstance matchingMode="ByName"><VariableName>triggerEvent</VariableName><ClassName>Business_Event</ClassName><NameRef>C</NameRef><ExtIDRef>C</ExtIDRef></SimpleInstance><SimpleInstance matchingMode="ByName"><VariableName>triggerCondition</VariableName><ClassName>Business_Condition</ClassName><NameRef>D</NameRef><ExtIDRef>D</ExtIDRef></SimpleInstance><SimpleInstance matchingMode="ByName"><VariableName>outcomeEvent</VariableName><ClassName>Business_Event</ClassName><NameRef>E</NameRef><ExtIDRef>E</ExtIDRef></SimpleInstance><SimpleInstance matchingMode="ByName"><VariableName>outcomeCondition</VariableName><ClassName>Business_Condition</ClassName><NameRef>F</NameRef><ExtIDRef>F</ExtIDRef></SimpleInstance><SimpleInstance matchingMode="ByName"><VariableName>valStream</VariableName><ClassName>Value_Stream</ClassName><NameRef>B</NameRef><ExtIDRef>B</ExtIDRef><InstanceSlot><SlotName>vs_trigger_events</SlotName><InstanceSlotVar>triggerEvent</InstanceSlotVar><ConditionalRef>C</ConditionalRef></InstanceSlot><InstanceSlot><SlotName>vs_trigger_conditions</SlotName><InstanceSlotVar>triggerCondition</InstanceSlotVar><ConditionalRef>D</ConditionalRef></InstanceSlot><InstanceSlot><SlotName>vs_outcome_events</SlotName><InstanceSlotVar>outcomeEvent</InstanceSlotVar><ConditionalRef>E</ConditionalRef></InstanceSlot><InstanceSlot><SlotName>vs_outcome_conditions</SlotName><InstanceSlotVar>outcomeCondition</InstanceSlotVar><ConditionalRef>F</ConditionalRef></InstanceSlot></SimpleInstance></ns2:WorksheetImportSpec><ns2:WorksheetImportSpec firstRow="8" lastRow="20" name="Value Stage 2 Participants" imported="true"><SimpleInstance matchingMode="ByName"><VariableName>roleType</VariableName><ClassName>Business_Role_Type</ClassName><NameRef>C</NameRef><ExtIDRef>C</ExtIDRef></SimpleInstance><SimpleInstance matchingMode="ByName"><VariableName>indivRole</VariableName><ClassName>Individual_Business_Role</ClassName><NameRef>D</NameRef><ExtIDRef>D</ExtIDRef></SimpleInstance><SimpleInstance matchingMode="ByName"><VariableName>orgRole</VariableName><ClassName>Group_Business_Role</ClassName><NameRef>E</NameRef><ExtIDRef>E</ExtIDRef></SimpleInstance><SimpleInstance matchingMode="ByName"><VariableName>valStage</VariableName><ClassName>Value_Stage</ClassName><NameRef>B</NameRef><ExtIDRef>B</ExtIDRef><InstanceSlot><SlotName>vsg_participants</SlotName><InstanceSlotVar>roleType</InstanceSlotVar><ConditionalRef>C</ConditionalRef></InstanceSlot><InstanceSlot><SlotName>vsg_participants</SlotName><InstanceSlotVar>indivRole</InstanceSlotVar><ConditionalRef>D</ConditionalRef></InstanceSlot><InstanceSlot><SlotName>vsg_participants</SlotName><InstanceSlotVar>orgRole</InstanceSlotVar><ConditionalRef>E</ConditionalRef></InstanceSlot></SimpleInstance></ns2:WorksheetImportSpec><ns2:WorksheetImportSpec firstRow="8" lastRow="20" name="Value Stage Criteria" imported="true"><SimpleInstance matchingMode="ByName"><VariableName>entranceEvent</VariableName><ClassName>Business_Event</ClassName><NameRef>C</NameRef><ExtIDRef>C</ExtIDRef></SimpleInstance><SimpleInstance matchingMode="ByName"><VariableName>entranceCondition</VariableName><ClassName>Business_Condition</ClassName><NameRef>D</NameRef><ExtIDRef>D</ExtIDRef></SimpleInstance><SimpleInstance matchingMode="ByName"><VariableName>exitEvent</VariableName><ClassName>Business_Event</ClassName><NameRef>E</NameRef><ExtIDRef>E</ExtIDRef></SimpleInstance><SimpleInstance matchingMode="ByName"><VariableName>exitCondition</VariableName><ClassName>Business_Condition</ClassName><NameRef>F</NameRef><ExtIDRef>F</ExtIDRef></SimpleInstance><SimpleInstance matchingMode="ByName"><VariableName>valStage</VariableName><ClassName>Value_Stage</ClassName><NameRef>B</NameRef><ExtIDRef>B</ExtIDRef><InstanceSlot><SlotName>vsg_entrance_events</SlotName><InstanceSlotVar>entranceEvent</InstanceSlotVar><ConditionalRef>C</ConditionalRef></InstanceSlot><InstanceSlot><SlotName>vsg_entrance_conditions</SlotName><InstanceSlotVar>entranceCondition</InstanceSlotVar><ConditionalRef>D</ConditionalRef></InstanceSlot><InstanceSlot><SlotName>vsg_exit_events</SlotName><InstanceSlotVar>exitEvent</InstanceSlotVar><ConditionalRef>E</ConditionalRef></InstanceSlot><InstanceSlot><SlotName>vsg_exit_conditions</SlotName><InstanceSlotVar>exitCondition</InstanceSlotVar><ConditionalRef>F</ConditionalRef></InstanceSlot></SimpleInstance></ns2:WorksheetImportSpec><ns2:WorksheetImportSpec firstRow="8" lastRow="30" name="Units of Measure" imported="true"><SimpleInstance matchingMode="ByID"><VariableName>aUoM</VariableName><ClassName>Unit_Of_Measure</ClassName><NameRef>C</NameRef><ExtIDRef>B</ExtIDRef><SimpleSlot><SlotName>description</SlotName><SlotValueRef>D</SlotValueRef></SimpleSlot><SimpleSlot><SlotName>enumeration_value</SlotName><SlotValueRef>E</SlotValueRef></SimpleSlot></SimpleInstance></ns2:WorksheetImportSpec></ns2:SpreadsheetImportSpec>