<?xml version="1.0" encoding="UTF-8" standalone="yes"?><ns2:SpreadsheetImportSpec xmlns="http://www.enterprise-architecture.org/essential/importutility/common" xmlns:ns2="http://www.enterprise-architecture.org/essential/importutility/importspec" import_schema_version="1.0"><ns2:GlobalInstances/><ns2:WorksheetImportSpec firstRow="8" lastRow="150" name="App Lifecycle" imported="false"><SimpleInstance matchingMode="ByName"><VariableName>LifecycleStatus</VariableName><ClassName>Lifecycle_Status</ClassName><NameRef>C</NameRef><ExtIDRef>C</ExtIDRef><SimpleSlot><SlotName>enumeration_value</SlotName><SlotValueRef>C</SlotValueRef></SimpleSlot></SimpleInstance><SimpleInstance matchingMode="ByName"><VariableName>measuredApp</VariableName><ClassName>Composite_Application_Provider</ClassName><NameRef>B</NameRef><ExtIDRef>B</ExtIDRef><InstanceSlot><SlotName>lifecycle_status_application_provider</SlotName><InstanceSlotVar>LifecycleStatus</InstanceSlotVar><ConditionalRef>C</ConditionalRef></InstanceSlot></SimpleInstance></ns2:WorksheetImportSpec><ns2:WorksheetImportSpec firstRow="8" lastRow="675" name="App Fit" imported="false"><SimpleInstance matchingMode="ByName"><VariableName>AppProToPhysBusRel</VariableName><ClassName>APP_PRO_TO_PHYS_BUS_RELATION</ClassName><NameRef>D</NameRef><ExtIDRef>D</ExtIDRef></SimpleInstance><DerivedInstance matchingMode="ByName"><VariableName>BusSvcQuality</VariableName><ClassName>Business_Service_Quality</ClassName><DerivedName><DerivedValueString>Business Fit</DerivedValueString></DerivedName><DerivedExtID><DerivedValueString>Business Fit</DerivedValueString></DerivedExtID></DerivedInstance><DerivedInstance matchingMode="ByName"><VariableName>BusMeasureValue</VariableName><ClassName>Business_Service_Quality_Value</ClassName><DerivedName><DerivedValueString>Business Fit</DerivedValueString><DerivedValueString> - </DerivedValueString><DerivedValueRef preDelimiter="" postDelimiter="">E</DerivedValueRef></DerivedName><DerivedExtID><DerivedValueString>Business Fit</DerivedValueString><DerivedValueString> - </DerivedValueString><DerivedValueRef preDelimiter="" postDelimiter="">E</DerivedValueRef></DerivedExtID><InstanceSlot><SlotName>usage_of_service_quality</SlotName><InstanceSlotVar>BusSvcQuality</InstanceSlotVar><ConditionalRef>E</ConditionalRef></InstanceSlot><SimpleSlot><SlotName>service_quality_value_value</SlotName><SlotValueRef>E</SlotValueRef></SimpleSlot></DerivedInstance><DerivedInstance matchingMode="ByName"><VariableName>BusPerfMeasure</VariableName><ClassName>Business_Performance_Measure</ClassName><DerivedName><DerivedValueString>Business Performance of </DerivedValueString><DerivedValueRef preDelimiter="" postDelimiter="">D</DerivedValueRef></DerivedName><DerivedExtID><DerivedValueString>Business Performance of </DerivedValueString><DerivedValueRef preDelimiter="" postDelimiter="">D</DerivedValueRef></DerivedExtID><InstanceSlot><SlotName>pm_measured_element</SlotName><InstanceSlotVar>AppProToPhysBusRel</InstanceSlotVar><ConditionalRef>D</ConditionalRef><ConditionalRef>E</ConditionalRef></InstanceSlot><InstanceSlot><SlotName>pm_performance_value</SlotName><InstanceSlotVar>BusMeasureValue</InstanceSlotVar><ConditionalRef>E</ConditionalRef></InstanceSlot><SimpleSlot><SlotName>description</SlotName><SlotValueRef>F</SlotValueRef></SimpleSlot><SimpleSlot><SlotName>pm_measure_date_iso_8601</SlotName><SlotValueRef>I</SlotValueRef></SimpleSlot></DerivedInstance><DerivedInstance matchingMode="ByName"><VariableName>TechSvcQuality</VariableName><ClassName>Technology_Service_Quality</ClassName><DerivedName><DerivedValueString>Technical Fit</DerivedValueString></DerivedName><DerivedExtID><DerivedValueString>Technical Fit</DerivedValueString></DerivedExtID></DerivedInstance><DerivedInstance matchingMode="ByName"><VariableName>TechMeasureValue</VariableName><ClassName>Technology_Service_Quality_Value</ClassName><DerivedName><DerivedValueString>Technical Fit</DerivedValueString><DerivedValueString> - </DerivedValueString><DerivedValueRef preDelimiter="" postDelimiter="">G</DerivedValueRef></DerivedName><DerivedExtID><DerivedValueString>Technical Fit</DerivedValueString><DerivedValueString> - </DerivedValueString><DerivedValueRef preDelimiter="" postDelimiter="">G</DerivedValueRef></DerivedExtID><InstanceSlot><SlotName>usage_of_service_quality</SlotName><InstanceSlotVar>TechSvcQuality</InstanceSlotVar><ConditionalRef>G</ConditionalRef></InstanceSlot><SimpleSlot><SlotName>service_quality_value_value</SlotName><SlotValueRef>G</SlotValueRef></SimpleSlot></DerivedInstance><DerivedInstance matchingMode="ByName"><VariableName>TechPerfMeasure</VariableName><ClassName>Technology_Performance_Measure</ClassName><DerivedName><DerivedValueString>Technology Performance of </DerivedValueString><DerivedValueRef preDelimiter="" postDelimiter="">D</DerivedValueRef></DerivedName><DerivedExtID><DerivedValueString>Technology Performance of </DerivedValueString><DerivedValueRef preDelimiter="" postDelimiter="">D</DerivedValueRef></DerivedExtID><InstanceSlot><SlotName>pm_measured_element</SlotName><InstanceSlotVar>AppProToPhysBusRel</InstanceSlotVar><ConditionalRef>D</ConditionalRef><ConditionalRef>G</ConditionalRef></InstanceSlot><InstanceSlot><SlotName>pm_performance_value</SlotName><InstanceSlotVar>TechMeasureValue</InstanceSlotVar><ConditionalRef>G</ConditionalRef></InstanceSlot><SimpleSlot><SlotName>description</SlotName><SlotValueRef>H</SlotValueRef></SimpleSlot><SimpleSlot><SlotName>pm_measure_date_iso_8601</SlotName><SlotValueRef>I</SlotValueRef></SimpleSlot></DerivedInstance></ns2:WorksheetImportSpec><ns2:WorksheetImportSpec firstRow="8" lastRow="20" name="Bus Fit Values" imported="true"><DerivedInstance matchingMode="ByName"><VariableName>BusSvcQuality</VariableName><ClassName>Business_Service_Quality</ClassName><DerivedName><DerivedValueString>Business Fit</DerivedValueString></DerivedName><DerivedExtID><DerivedValueString>Business Fit</DerivedValueString></DerivedExtID></DerivedInstance><DerivedInstance matchingMode="ByName"><VariableName>BusMeasureValue</VariableName><ClassName>Business_Service_Quality_Value</ClassName><DerivedName><DerivedValueString>Business Fit</DerivedValueString><DerivedValueString> - </DerivedValueString><DerivedValueRef preDelimiter="" postDelimiter="">B</DerivedValueRef></DerivedName><DerivedExtID><DerivedValueString>Business Fit</DerivedValueString><DerivedValueString> - </DerivedValueString><DerivedValueRef preDelimiter="" postDelimiter="">B</DerivedValueRef></DerivedExtID><InstanceSlot><SlotName>usage_of_service_quality</SlotName><InstanceSlotVar>BusSvcQuality</InstanceSlotVar><ConditionalRef>B</ConditionalRef></InstanceSlot><SimpleSlot><SlotName>service_quality_value_value</SlotName><SlotValueRef>B</SlotValueRef></SimpleSlot><PrimitiveSlot><SlotName>service_quality_value_score</SlotName><SlotValueRef>C</SlotValueRef><PrimitiveSlotType>Integer</PrimitiveSlotType></PrimitiveSlot></DerivedInstance><DerivedInstance matchingMode="ByName"><VariableName>Styling</VariableName><ClassName>Element_Style</ClassName><DerivedName><DerivedValueString>View Styling for </DerivedValueString><DerivedValueRef preDelimiter="" postDelimiter="">B</DerivedValueRef></DerivedName><DerivedExtID><DerivedValueString>View Styling for </DerivedValueString><DerivedValueRef preDelimiter="" postDelimiter="">B</DerivedValueRef></DerivedExtID><InstanceSlot><SlotName>style_for_elements</SlotName><InstanceSlotVar>BusMeasureValue</InstanceSlotVar><ConditionalRef>B</ConditionalRef></InstanceSlot><SimpleSlot><SlotName>element_style_colour</SlotName><SlotValueRef>D</SlotValueRef></SimpleSlot><SimpleSlot><SlotName>element_style_text_colour</SlotName><SlotValueRef>E</SlotValueRef></SimpleSlot></DerivedInstance></ns2:WorksheetImportSpec><ns2:WorksheetImportSpec firstRow="8" lastRow="20" name="App Fit Values" imported="true"><DerivedInstance matchingMode="ByName"><VariableName>TechSvcQuality</VariableName><ClassName>Technology_Service_Quality</ClassName><DerivedName><DerivedValueString>Technical Fit</DerivedValueString></DerivedName><DerivedExtID><DerivedValueString>Technical Fit</DerivedValueString></DerivedExtID></DerivedInstance><DerivedInstance matchingMode="ByName"><VariableName>TechMeasureValue</VariableName><ClassName>Technology_Service_Quality_Value</ClassName><DerivedName><DerivedValueString>Technical Fit</DerivedValueString><DerivedValueString> - </DerivedValueString><DerivedValueRef preDelimiter="" postDelimiter="">B</DerivedValueRef></DerivedName><DerivedExtID><DerivedValueString>Technical Fit</DerivedValueString><DerivedValueString> - </DerivedValueString><DerivedValueRef preDelimiter="" postDelimiter="">B</DerivedValueRef></DerivedExtID><InstanceSlot><SlotName>usage_of_service_quality</SlotName><InstanceSlotVar>TechSvcQuality</InstanceSlotVar><ConditionalRef>B</ConditionalRef></InstanceSlot><SimpleSlot><SlotName>service_quality_value_value</SlotName><SlotValueRef>B</SlotValueRef></SimpleSlot><PrimitiveSlot><SlotName>service_quality_value_score</SlotName><SlotValueRef>C</SlotValueRef><PrimitiveSlotType>Integer</PrimitiveSlotType></PrimitiveSlot></DerivedInstance><DerivedInstance matchingMode="ByName"><VariableName>Styling</VariableName><ClassName>Element_Style</ClassName><DerivedName><DerivedValueString>View Styling for </DerivedValueString><DerivedValueRef preDelimiter="" postDelimiter="">B</DerivedValueRef></DerivedName><DerivedExtID><DerivedValueString>View Styling for </DerivedValueString><DerivedValueRef preDelimiter="" postDelimiter="">B</DerivedValueRef></DerivedExtID><InstanceSlot><SlotName>style_for_elements</SlotName><InstanceSlotVar>TechMeasureValue</InstanceSlotVar><ConditionalRef>B</ConditionalRef></InstanceSlot><SimpleSlot><SlotName>element_style_colour</SlotName><SlotValueRef>D</SlotValueRef></SimpleSlot><SimpleSlot><SlotName>element_style_text_colour</SlotName><SlotValueRef>E</SlotValueRef></SimpleSlot></DerivedInstance></ns2:WorksheetImportSpec><ns2:WorksheetImportSpec firstRow="8" lastRow="20" name="Lifecycle Values" imported="true"><SimpleInstance matchingMode="ByID"><VariableName>Lifecycle</VariableName><ClassName>Lifecycle_Status</ClassName><NameRef>C</NameRef><ExtIDRef>B</ExtIDRef><SimpleSlot><SlotName>description</SlotName><SlotValueRef>D</SlotValueRef></SimpleSlot><SimpleSlot><SlotName>enumeration_value</SlotName><SlotValueRef>E</SlotValueRef></SimpleSlot><PrimitiveSlot><SlotName>enumeration_sequence_number</SlotName><SlotValueRef>F</SlotValueRef><PrimitiveSlotType>Integer</PrimitiveSlotType></PrimitiveSlot></SimpleInstance><DerivedInstance matchingMode="ByName"><VariableName>Styling</VariableName><ClassName>Element_Style</ClassName><DerivedName><DerivedValueString>View Styling for </DerivedValueString><DerivedValueRef preDelimiter="" postDelimiter="">C</DerivedValueRef></DerivedName><DerivedExtID><DerivedValueString>View Styling for </DerivedValueString><DerivedValueRef preDelimiter="" postDelimiter="">C</DerivedValueRef></DerivedExtID><InstanceSlot><SlotName>style_for_elements</SlotName><InstanceSlotVar>Lifecycle</InstanceSlotVar><ConditionalRef>C</ConditionalRef></InstanceSlot><SimpleSlot><SlotName>element_style_colour</SlotName><SlotValueRef>G</SlotValueRef></SimpleSlot><SimpleSlot><SlotName>element_style_text_colour</SlotName><SlotValueRef>H</SlotValueRef></SimpleSlot></DerivedInstance></ns2:WorksheetImportSpec></ns2:SpreadsheetImportSpec>